Thane,Maharashtra (MH),2015,95,80,27,50,40
Thane,Maharashtra (MH),2016,26,97,53,50,57
Thane,Maharashtra (MH),2017,59,48,57,71,68
North 24 Parganas,West Bengal (WB),2015,63,73,99,28,59
North 24 Parganas,West Bengal (WB),2016,52,38,42,98,58
North 24 Parganas,West Bengal (WB),2017,50,90,92,32,56
Bangalore Urban,Karnataka (KA),2015,49,81,76,46,81
Bangalore Urban,Karnataka (KA),2016,96,86,72,90,84
Bangalore Urban,Karnataka (KA),2017,59,33,73,90,75
Pune,Maharashtra (MH),2015,53,36,79,32,47
Pune,Maharashtra (MH),2016,76,93,38,82,39
Pune,Maharashtra (MH),2017,80,76,38,63,65
Mumbai suburban,Maharashtra (MH),2015,48,66,36,65,74
Mumbai suburban,Maharashtra (MH),2016,74,56,30,86,55
Mumbai suburban,Maharashtra (MH),2017,61,66,56,51,71
South 24 Parganas,West Bengal (WB),2015,33,63,45,67,59
South 24 Parganas,West Bengal (WB),2016,83,74,92,83,37
South 24 Parganas,West Bengal (WB),2017,85,63,48,96,44
Bardhaman,West Bengal (WB),2015,48,68,29,64,47
Bardhaman,West Bengal (WB),2016,25,52,76,26,28
Bardhaman,West Bengal (WB),2017,34,32,100,51,28
Ahmedabad,Gujarat (GJ),2015,55,87,73,100,54
Ahmedabad,Gujarat (GJ),2016,64,81,95,83,54
Ahmedabad,Gujarat (GJ),2017,63,41,33,73,85
Murshidabad,West Bengal (WB),2015,43,86,66,29,30
Murshidabad,West Bengal (WB),2016,64,30,88,48,57
Murshidabad,West Bengal (WB),2017,98,90,92,41,41
Jaipur,Rajasthan (RJ),2015,93,32,80,53,28
Jaipur,Rajasthan (RJ),2016,89,54,27,67,78
Jaipur,Rajasthan (RJ),2017,90,74,75,80,72
Nashik,Maharashtra (MH),2015,61,95,53,62,66
Nashik,Maharashtra (MH),2016,89,100,69,49,64
Nashik,Maharashtra (MH),2017,50,62,88,93,70
Allahabad,Uttar Pradesh (UP),2015,68,53,87,28,37
Allahabad,Uttar Pradesh (UP),2016,60,92,68,66,58
Allahabad,Uttar Pradesh (UP),2017,78,31,75,68,100
Patna,Bihar (BR),2015,65,58,73,96,36
Patna,Bihar (BR),2016,25,60,72,74,70
Patna,Bihar (BR),2017,68,59,71,60,67
Hooghly,West Bengal (WB),2015,72,83,66,45,27
Hooghly,West Bengal (WB),2016,31,39,47,29,77
Hooghly,West Bengal (WB),2017,78,32,39,56,57
Ranga Reddy,Telangana (TS),2015,26,55,74,55,58
Ranga Reddy,Telangana (TS),2016,77,62,29,87,28
Ranga Reddy,Telangana (TS),2017,76,89,85,98,68
Nadia,West Bengal (WB),2015,97,61,95,30,49
Nadia,West Bengal (WB),2016,49,99,63,100,96
Nadia,West Bengal (WB),2017,91,26,57,37,86
East Godavari,Andhra Pradesh (AP),2015,54,83,82,98,92
East Godavari,Andhra Pradesh (AP),2016,76,72,100,85,67
East Godavari,Andhra Pradesh (AP),2017,68,76,84,82,95
Paschim Medinipur,West Bengal (WB),2015,37,95,81,49,62
Paschim Medinipur,West Bengal (WB),2016,54,82,98,77,86
Paschim Medinipur,West Bengal (WB),2017,70,36,39,49,43
East Champaran,Bihar (BR),2015,81,64,61,46,86
East Champaran,Bihar (BR),2016,25,73,77,25,30
East Champaran,Bihar (BR),2017,86,92,71,88,48
Surat,Gujarat (GJ),2015,25,35,91,34,54
Surat,Gujarat (GJ),2016,75,49,81,31,58
Surat,Gujarat (GJ),2017,67,64,33,71,37
Guntur,Andhra Pradesh (AP),2015,44,48,43,59,98
Guntur,Andhra Pradesh (AP),2016,45,81,81,38,29
Guntur,Andhra Pradesh (AP),2017,89,75,83,81,49
Howrah,West Bengal (WB),2015,54,51,59,94,48
Howrah,West Bengal (WB),2016,41,55,31,40,52
Howrah,West Bengal (WB),2017,54,30,30,39,57
Muzaffarpur,Bihar (BR),2015,89,48,89,88,44
Muzaffarpur,Bihar (BR),2016,81,97,31,27,61
Muzaffarpur,Bihar (BR),2017,90,28,38,25,42
Belgaum,Karnataka (KA),2015,51,53,84,54,94
Belgaum,Karnataka (KA),2016,66,36,53,50,39
Belgaum,Karnataka (KA),2017,69,27,60,56,65
Moradabad,Uttar Pradesh (UP),2015,97,90,79,72,66
Moradabad,Uttar Pradesh (UP),2016,89,54,46,55,37
Moradabad,Uttar Pradesh (UP),2017,76,100,40,70,45
Chennai,Tamil Nadu (TN),2015,33,37,73,89,92
Chennai,Tamil Nadu (TN),2016,41,32,76,49,39
Chennai,Tamil Nadu (TN),2017,49,25,32,91,73
Ghaziabad,Uttar Pradesh (UP),2015,37,42,64,52,52
Ghaziabad,Uttar Pradesh (UP),2016,83,52,25,66,86
Ghaziabad,Uttar Pradesh (UP),2017,31,52,33,55,60
Nagpur,Maharashtra (MH),2015,54,56,95,82,58
Nagpur,Maharashtra (MH),2016,37,38,94,33,76
Nagpur,Maharashtra (MH),2017,55,34,88,65,37
Azamgarh,Uttar Pradesh (UP),2015,86,32,90,84,51
Azamgarh,Uttar Pradesh (UP),2016,61,79,77,87,52
Azamgarh,Uttar Pradesh (UP),2017,82,59,91,31,29
Lucknow,Uttar Pradesh (UP),2015,53,91,60,34,72
Lucknow,Uttar Pradesh (UP),2016,90,64,34,76,90
Lucknow,Uttar Pradesh (UP),2017,66,40,41,39,68
Kanpur Nagar,Uttar Pradesh (UP),2015,53,65,37,70,70
Kanpur Nagar,Uttar Pradesh (UP),2016,50,100,36,70,77
Kanpur Nagar,Uttar Pradesh (UP),2017,54,72,38,97,53
Ahmednagar,Maharashtra (MH),2015,28,42,43,30,27
Ahmednagar,Maharashtra (MH),2016,67,56,91,43,71
Ahmednagar,Maharashtra (MH),2017,89,67,75,30,89
Krishna,Andhra Pradesh (AP),2015,67,89,31,83,81
Krishna,Andhra Pradesh (AP),2016,72,66,86,33,79
Krishna,Andhra Pradesh (AP),2017,31,42,89,68,34
Kolkata,West Bengal (WB),2015,70,78,46,47,36
Kolkata,West Bengal (WB),2016,26,25,55,91,67
Kolkata,West Bengal (WB),2017,48,98,45,76,36
Jaunpur district,Uttar Pradesh (UP),2015,68,54,94,79,55
Jaunpur district,Uttar Pradesh (UP),2016,64,47,62,95,29
Jaunpur district,Uttar Pradesh (UP),2017,76,47,51,88,81
Madhubani,Bihar (BR),2015,37,99,46,44,89
Madhubani,Bihar (BR),2016,92,33,93,76,46
Madhubani,Bihar (BR),2017,30,40,57,29,58
Sitapur,Uttar Pradesh (UP),2015,90,49,54,40,25
Sitapur,Uttar Pradesh (UP),2016,82,27,58,64,56
Sitapur,Uttar Pradesh (UP),2017,76,93,57,32,88
Bareilly,Uttar Pradesh (UP),2015,91,40,35,72,58
Bareilly,Uttar Pradesh (UP),2016,72,37,63,81,80
Bareilly,Uttar Pradesh (UP),2017,38,27,85,62,62
Gorakhpur,Uttar Pradesh (UP),2015,59,45,60,90,49
Gorakhpur,Uttar Pradesh (UP),2016,49,89,57,59,30
Gorakhpur,Uttar Pradesh (UP),2017,97,71,76,47,62
Purba Medinipur,West Bengal (WB),2015,89,55,94,100,80
Purba Medinipur,West Bengal (WB),2016,98,49,55,98,65
Purba Medinipur,West Bengal (WB),2017,99,91,31,99,100
Agra,Uttar Pradesh (UP),2015,90,84,60,67,46
Agra,Uttar Pradesh (UP),2016,76,29,33,73,94
Agra,Uttar Pradesh (UP),2017,84,75,57,54,100
Gaya,Bihar (BR),2015,93,47,56,51,84
Gaya,Bihar (BR),2016,52,90,62,91,31
Gaya,Bihar (BR),2017,53,54,75,76,71
Solapur,Maharashtra (MH),2015,76,35,39,92,63
Solapur,Maharashtra (MH),2016,67,41,67,61,40
Solapur,Maharashtra (MH),2017,94,80,27,92,35
Visakhapatnam,Andhra Pradesh (AP),2015,54,94,57,44,43
Visakhapatnam,Andhra Pradesh (AP),2016,51,34,80,82,50
Visakhapatnam,Andhra Pradesh (AP),2017,85,25,32,74,39
Samastipur,Bihar (BR),2015,37,58,99,100,42
Samastipur,Bihar (BR),2016,55,53,72,52,85
Samastipur,Bihar (BR),2017,90,70,65,77,66
Jalgaon,Maharashtra (MH),2015,82,58,30,27,98
Jalgaon,Maharashtra (MH),2016,48,65,91,37,81
Jalgaon,Maharashtra (MH),2017,74,70,90,87,94
Chittoor,Andhra Pradesh (AP),2015,98,65,81,65,83
Chittoor,Andhra Pradesh (AP),2016,65,90,62,94,29
Chittoor,Andhra Pradesh (AP),2017,37,63,75,25,33
Muzaffarnagar,Uttar Pradesh (UP),2015,71,27,84,39,69
Muzaffarnagar,Uttar Pradesh (UP),2016,72,37,91,80,32
Muzaffarnagar,Uttar Pradesh (UP),2017,53,93,72,66,80
Malappuram,Kerala (KL),2015,74,93,90,99,47
Malappuram,Kerala (KL),2016,59,64,74,96,76
Malappuram,Kerala (KL),2017,60,32,87,62,35
Hardoi,Uttar Pradesh (UP),2015,52,45,31,85,73
Hardoi,Uttar Pradesh (UP),2016,31,82,35,32,83
Hardoi,Uttar Pradesh (UP),2017,54,26,70,31,83
Anantapur,Andhra Pradesh (AP),2015,59,100,91,32,40
Anantapur,Andhra Pradesh (AP),2016,53,96,82,69,96
Anantapur,Andhra Pradesh (AP),2017,25,76,31,62,50
Raipur,Chhattisgarh (CG),2015,65,90,69,52,52
Raipur,Chhattisgarh (CG),2016,35,55,79,100,53
Raipur,Chhattisgarh (CG),2017,68,59,88,91,94
Kurnool,Andhra Pradesh (AP),2015,81,32,27,65,92
Kurnool,Andhra Pradesh (AP),2016,66,63,69,26,28
Kurnool,Andhra Pradesh (AP),2017,83,99,45,55,87
Mahbubnagar,Telangana (TS),2015,55,67,39,69,82
Mahbubnagar,Telangana (TS),2016,55,49,26,40,96
Mahbubnagar,Telangana (TS),2017,43,96,96,86,82
Lakhimpur Kheri,Uttar Pradesh (UP),2015,71,98,78,66,49
Lakhimpur Kheri,Uttar Pradesh (UP),2016,41,91,48,73,34
Lakhimpur Kheri,Uttar Pradesh (UP),2017,31,86,34,77,32
Hyderabad,Telangana (TS),2015,64,90,70,67,39
Hyderabad,Telangana (TS),2016,34,66,77,90,99
Hyderabad,Telangana (TS),2017,87,81,72,95,81
Maldah,West Bengal (WB),2015,44,67,49,76,40
Maldah,West Bengal (WB),2016,38,73,38,31,81
Maldah,West Bengal (WB),2017,54,55,84,48,79
Madurai,Tamil Nadu (TN),2015,25,78,69,75,52
Madurai,Tamil Nadu (TN),2016,91,25,31,34,68
Madurai,Tamil Nadu (TN),2017,62,83,88,80,69
Kanchipuram,Tamil Nadu (TN),2015,25,94,42,72,66
Kanchipuram,Tamil Nadu (TN),2016,43,99,93,40,90
Kanchipuram,Tamil Nadu (TN),2017,95,67,41,75,26
Saran,Bihar (BR),2015,92,50,69,55,41
Saran,Bihar (BR),2016,69,53,86,46,97
Saran,Bihar (BR),2017,34,75,95,84,43
West Champaran,Bihar (BR),2015,63,49,88,99,45
West Champaran,Bihar (BR),2016,49,62,87,67,88
West Champaran,Bihar (BR),2017,58,80,97,80,25
West Godavari,Andhra Pradesh (AP),2015,65,64,25,30,32
West Godavari,Andhra Pradesh (AP),2016,50,87,54,68,50
West Godavari,Andhra Pradesh (AP),2017,40,96,47,42,41
Vellore,Tamil Nadu (TN),2015,56,86,65,71,83
Vellore,Tamil Nadu (TN),2016,89,69,29,70,84
Vellore,Tamil Nadu (TN),2017,72,42,74,76,96
Darbhanga,Bihar (BR),2015,38,100,45,60,41
Darbhanga,Bihar (BR),2016,37,56,35,69,36
Darbhanga,Bihar (BR),2017,44,98,67,60,76
Kolhapur,Maharashtra (MH),2015,63,66,40,73,98
Kolhapur,Maharashtra (MH),2016,76,26,71,51,81
Kolhapur,Maharashtra (MH),2017,32,59,39,35,30
Jalpaiguri,West Bengal (WB),2015,32,34,56,100,68
Jalpaiguri,West Bengal (WB),2016,54,74,81,70,98
Jalpaiguri,West Bengal (WB),2017,79,84,53,41,67
Karimnagar,Telangana (TS),2015,91,100,96,53,94
Karimnagar,Telangana (TS),2016,50,45,41,34,86
Karimnagar,Telangana (TS),2017,87,36,30,84,73
Sultanpur,Uttar Pradesh (UP),2015,65,93,59,80,71
Sultanpur,Uttar Pradesh (UP),2016,81,32,52,60,78
Sultanpur,Uttar Pradesh (UP),2017,97,25,95,27,63
Tiruvallur,Tamil Nadu (TN),2015,51,35,79,62,73
Tiruvallur,Tamil Nadu (TN),2016,75,70,93,95,72
Tiruvallur,Tamil Nadu (TN),2017,60,67,66,71,95
Budaun,Uttar Pradesh (UP),2015,73,26,60,51,41
Budaun,Uttar Pradesh (UP),2016,48,70,82,95,98
Budaun,Uttar Pradesh (UP),2017,33,45,85,81,91
Aurangabad,Maharashtra (MH),2015,38,77,98,79,28
Aurangabad,Maharashtra (MH),2016,42,69,34,64,75
Aurangabad,Maharashtra (MH),2017,66,37,65,66,33
Jodhpur,Rajasthan (RJ),2015,50,44,37,81,44
Jodhpur,Rajasthan (RJ),2016,80,55,39,98,91
Jodhpur,Rajasthan (RJ),2017,53,37,98,83,29
Bijnor,Uttar Pradesh (UP),2015,68,33,81,47,29
Bijnor,Uttar Pradesh (UP),2016,92,78,50,45,100
Bijnor,Uttar Pradesh (UP),2017,58,72,53,53,82
Varanasi,Uttar Pradesh (UP),2015,26,97,63,28,47
Varanasi,Uttar Pradesh (UP),2016,56,99,68,84,77
Varanasi,Uttar Pradesh (UP),2017,45,54,49,76,64
Aligarh,Uttar Pradesh (UP),2015,31,43,40,74,31
Aligarh,Uttar Pradesh (UP),2016,92,25,53,100,88
Aligarh,Uttar Pradesh (UP),2017,97,30,63,76,56
Alwar,Rajasthan (RJ),2015,25,97,66,59,43
Alwar,Rajasthan (RJ),2016,96,42,51,47,86
Alwar,Rajasthan (RJ),2017,83,44,74,87,53
North West Delhi,Delhi (DL),2015,43,50,57,41,61
North West Delhi,Delhi (DL),2016,57,54,59,80,75
North West Delhi,Delhi (DL),2017,73,88,92,40,66
Vadodara,Gujarat (GJ),2015,97,78,83,54,31
Vadodara,Gujarat (GJ),2016,72,94,46,79,33
Vadodara,Gujarat (GJ),2017,49,68,89,41,39
Ghazipur,Uttar Pradesh (UP),2015,37,95,80,43,66
Ghazipur,Uttar Pradesh (UP),2016,69,25,90,94,82
Ghazipur,Uttar Pradesh (UP),2017,35,75,53,37,82
Bankura,West Bengal (WB),2015,32,68,37,59,51
Bankura,West Bengal (WB),2016,57,55,83,65,93
Bankura,West Bengal (WB),2017,52,97,83,79,53
Kushinagar,Uttar Pradesh (UP),2015,57,26,90,46,93
Kushinagar,Uttar Pradesh (UP),2016,73,83,71,51,45
Kushinagar,Uttar Pradesh (UP),2017,85,33,51,47,27
Warangal,Telangana (TS),2015,82,94,76,41,76
Warangal,Telangana (TS),2016,48,25,58,34,50
Warangal,Telangana (TS),2017,92,94,62,51,70
Ganjam,Odisha (OD),2015,68,62,69,95,30
Ganjam,Odisha (OD),2016,83,61,32,31,67
Ganjam,Odisha (OD),2017,26,97,58,79,97
Birbhum,West Bengal (WB),2015,74,83,59,50,91
Birbhum,West Bengal (WB),2016,43,85,99,86,90
Birbhum,West Bengal (WB),2017,53,70,89,51,71
Bulandshahr,Uttar Pradesh (UP),2015,89,37,86,51,44
Bulandshahr,Uttar Pradesh (UP),2016,27,52,84,97,46
Bulandshahr,Uttar Pradesh (UP),2017,30,41,86,72,71
Vaishali,Bihar (BR),2015,51,71,59,67,32
Vaishali,Bihar (BR),2016,84,36,45,26,41
Vaishali,Bihar (BR),2017,67,40,61,92,78
Ludhiana,Punjab (PB),2015,43,63,100,84,83
Ludhiana,Punjab (PB),2016,67,94,77,100,43
Ludhiana,Punjab (PB),2017,45,54,71,42,92
Nalgonda,Telangana (TS),2015,52,50,44,53,95
Nalgonda,Telangana (TS),2016,94,56,75,97,63
Nalgonda,Telangana (TS),2017,81,55,58,36,49
Salem,Tamil Nadu (TN),2015,86,79,45,33,80
Salem,Tamil Nadu (TN),2016,96,31,82,97,59
Salem,Tamil Nadu (TN),2017,85,87,46,91,59
Coimbatore,Tamil Nadu (TN),2015,93,27,47,76,47
Coimbatore,Tamil Nadu (TN),2016,52,93,94,41,70
Coimbatore,Tamil Nadu (TN),2017,53,53,42,52,39
Saharanpur,Uttar Pradesh (UP),2015,57,61,69,85,76
Saharanpur,Uttar Pradesh (UP),2016,95,98,50,82,35
Saharanpur,Uttar Pradesh (UP),2017,88,77,99,100,27
Viluppuram,Tamil Nadu (TN),2015,92,67,58,68,40
Viluppuram,Tamil Nadu (TN),2016,41,91,66,56,28
Viluppuram,Tamil Nadu (TN),2017,87,35,40,60,32
Meerut,Uttar Pradesh (UP),2015,68,87,93,40,65
Meerut,Uttar Pradesh (UP),2016,62,30,91,76,94
Meerut,Uttar Pradesh (UP),2017,56,79,38,95,39
Gonda,Uttar Pradesh (UP),2015,54,81,64,53,53
Gonda,Uttar Pradesh (UP),2016,36,35,98,67,61
Gonda,Uttar Pradesh (UP),2017,75,32,74,39,71
Sitamarhi,Bihar (BR),2015,26,39,61,67,75
Sitamarhi,Bihar (BR),2016,58,85,62,86,36
Sitamarhi,Bihar (BR),2017,77,89,42,75,100
Raebareli,Uttar Pradesh (UP),2015,44,41,53,98,47
Raebareli,Uttar Pradesh (UP),2016,32,48,51,69,47
Raebareli,Uttar Pradesh (UP),2017,67,32,97,57,65
Prakasam,Andhra Pradesh (AP),2015,25,100,44,26,100
Prakasam,Andhra Pradesh (AP),2016,37,43,90,59,39
Prakasam,Andhra Pradesh (AP),2017,47,30,91,46,68
Nanded,Maharashtra (MH),2015,58,70,63,73,79
Nanded,Maharashtra (MH),2016,56,94,85,59,89
Nanded,Maharashtra (MH),2017,99,34,67,99,62
Durg,Chhattisgarh (CG),2015,82,57,77,83,39
Durg,Chhattisgarh (CG),2016,49,88,87,78,95
Durg,Chhattisgarh (CG),2017,27,87,78,46,46
Siwan,Bihar (BR),2015,35,59,34,81,43
Siwan,Bihar (BR),2016,57,98,86,28,61
Siwan,Bihar (BR),2017,90,72,92,80,34
Nagaur,Rajasthan (RJ),2015,42,84,63,51,64
Nagaur,Rajasthan (RJ),2016,84,33,33,61,31
Nagaur,Rajasthan (RJ),2017,59,52,76,83,44
Thiruvananthapuram,Kerala (KL),2015,45,93,69,77,33
Thiruvananthapuram,Kerala (KL),2016,73,58,67,42,76
Thiruvananthapuram,Kerala (KL),2017,61,69,64,58,55
Ernakulam,Kerala (KL),2015,77,69,27,69,30
Ernakulam,Kerala (KL),2016,60,75,49,74,99
Ernakulam,Kerala (KL),2017,58,98,53,85,33
Purnia,Bihar (BR),2015,58,71,74,69,26
Purnia,Bihar (BR),2016,56,73,40,93,34
Purnia,Bihar (BR),2017,69,87,42,56,30
Indore,Madhya Pradesh (MP),2015,88,85,30,29,84
Indore,Madhya Pradesh (MP),2016,40,39,100,71,62
Indore,Madhya Pradesh (MP),2017,45,26,62,90,81
Barabanki,Uttar Pradesh (UP),2015,50,94,38,59,74
Barabanki,Uttar Pradesh (UP),2016,72,28,57,82,44
Barabanki,Uttar Pradesh (UP),2017,99,49,40,78,99
Ballia,Uttar Pradesh (UP),2015,36,49,27,67,50
Ballia,Uttar Pradesh (UP),2016,75,96,50,72,61
Ballia,Uttar Pradesh (UP),2017,30,27,45,34,72
Pratapgarh,Uttar Pradesh (UP),2015,96,47,85,47,93
Pratapgarh,Uttar Pradesh (UP),2016,59,97,47,43,62
Pratapgarh,Uttar Pradesh (UP),2017,60,87,73,62,33
Rajkot,Gujarat (GJ),2015,71,56,64,93,85
Rajkot,Gujarat (GJ),2016,80,37,83,55,69
Rajkot,Gujarat (GJ),2017,97,31,33,78,98
Mumbai City,Maharashtra (MH),2015,73,32,80,73,35
Mumbai City,Maharashtra (MH),2016,41,47,75,41,87
Mumbai City,Maharashtra (MH),2017,80,51,97,38,43
Banaskantha,Gujarat (GJ),2015,68,77,99,81,81
Banaskantha,Gujarat (GJ),2016,71,91,27,38,79
Banaskantha,Gujarat (GJ),2017,94,29,67,93,41
Unnao,Uttar Pradesh (UP),2015,78,96,88,94,77
Unnao,Uttar Pradesh (UP),2016,92,31,82,44,93
Unnao,Uttar Pradesh (UP),2017,37,48,33,91,68
Thrissur,Kerala (KL),2015,79,83,39,75,58
Thrissur,Kerala (KL),2016,64,83,100,72,90
Thrissur,Kerala (KL),2017,94,49,48,60,86
Deoria,Uttar Pradesh (UP),2015,87,98,61,35,27
Deoria,Uttar Pradesh (UP),2016,33,43,46,86,53
Deoria,Uttar Pradesh (UP),2017,61,44,57,79,97
Kozhikode,Kerala (KL),2015,32,33,72,31,30
Kozhikode,Kerala (KL),2016,56,89,46,43,31
Kozhikode,Kerala (KL),2017,89,71,93,66,28
Tirunelveli,Tamil Nadu (TN),2015,87,86,29,58,82
Tirunelveli,Tamil Nadu (TN),2016,32,71,98,73,48
Tirunelveli,Tamil Nadu (TN),2017,81,51,74,43,26
Katihar,Bihar (BR),2015,98,39,32,42,40
Katihar,Bihar (BR),2016,32,81,46,82,86
Katihar,Bihar (BR),2017,82,84,89,78,47
Udaipur,Rajasthan (RJ),2015,28,99,94,43,61
Udaipur,Rajasthan (RJ),2016,60,29,72,59,37
Udaipur,Rajasthan (RJ),2017,27,49,34,88,81
Bhagalpur,Bihar (BR),2015,71,96,29,93,98
Bhagalpur,Bihar (BR),2016,54,28,74,37,89
Bhagalpur,Bihar (BR),2017,44,32,68,57,59
Medak,Telangana (TS),2015,92,37,90,50,72
Medak,Telangana (TS),2016,75,66,85,74,52
Medak,Telangana (TS),2017,66,48,96,74,98
Satara,Maharashtra (MH),2015,71,48,95,66,92
Satara,Maharashtra (MH),2016,90,57,84,93,95
Satara,Maharashtra (MH),2017,49,56,73,70,89
Shahjahanpur,Uttar Pradesh (UP),2015,71,37,91,26,41
Shahjahanpur,Uttar Pradesh (UP),2016,91,62,82,25,90
Shahjahanpur,Uttar Pradesh (UP),2017,72,66,81,35,48
Uttar Dinajpur,West Bengal (WB),2015,52,75,74,84,36
Uttar Dinajpur,West Bengal (WB),2016,97,92,98,29,75
Uttar Dinajpur,West Bengal (WB),2017,69,42,69,53,64
Mysore,Karnataka (KA),2015,50,28,78,92,83
Mysore,Karnataka (KA),2016,80,71,85,32,55
Mysore,Karnataka (KA),2017,47,55,53,49,70
Sri Potti Sriramulu Nellore,Andhra Pradesh (AP),2015,65,33,37,67,60
Sri Potti Sriramulu Nellore,Andhra Pradesh (AP),2016,67,61,86,31,95
Sri Potti Sriramulu Nellore,Andhra Pradesh (AP),2017,93,69,73,66,82
Rohtas,Bihar (BR),2015,93,31,34,41,68
Rohtas,Bihar (BR),2016,66,74,66,56,38
Rohtas,Bihar (BR),2017,43,37,82,26,93
Begusarai,Bihar (BR),2015,68,44,51,47,97
Begusarai,Bihar (BR),2016,35,62,74,28,62
Begusarai,Bihar (BR),2017,60,66,80,50,51
Purulia,West Bengal (WB),2015,27,69,49,87,79
Purulia,West Bengal (WB),2016,33,78,41,92,50
Purulia,West Bengal (WB),2017,31,33,60,62,49
Ranchi,Jharkhand (JH),2015,70,96,89,44,59
Ranchi,Jharkhand (JH),2016,58,69,37,34,47
Ranchi,Jharkhand (JH),2017,91,61,72,55,42
Patiala,Punjab (PB),2015,71,84,25,61,58
Patiala,Punjab (PB),2016,83,31,52,83,87
Patiala,Punjab (PB),2017,27,98,86,43,81
Amravati,Maharashtra (MH),2015,62,81,75,77,78
Amravati,Maharashtra (MH),2016,96,67,98,96,72
Amravati,Maharashtra (MH),2017,34,41,31,36,99
Kadapa,Andhra Pradesh (AP),2015,57,68,54,36,85
Kadapa,Andhra Pradesh (AP),2016,55,87,49,78,68
Kadapa,Andhra Pradesh (AP),2017,72,83,89,34,30
Bhavnagar,Gujarat (GJ),2015,44,61,64,68,77
Bhavnagar,Gujarat (GJ),2016,100,31,30,56,27
Bhavnagar,Gujarat (GJ),2017,44,87,47,55,95
Nalanda,Bihar (BR),2015,93,98,42,46,40
Nalanda,Bihar (BR),2016,83,95,89,85,93
Nalanda,Bihar (BR),2017,92,77,38,51,31
Kanyakumari,Tamil Nadu (TN),2015,40,82,68,57,39
Kanyakumari,Tamil Nadu (TN),2016,48,66,82,41,44
Kanyakumari,Tamil Nadu (TN),2017,62,60,56,75,95
Nagaon,Assam (AS),2015,72,97,81,66,55
Nagaon,Assam (AS),2016,48,88,94,29,68
Nagaon,Assam (AS),2017,43,50,36,81,67
Cooch Behar,West Bengal (WB),2015,81,29,78,35,85
Cooch Behar,West Bengal (WB),2016,90,58,34,93,57
Cooch Behar,West Bengal (WB),2017,85,84,39,33,58
Sangli,Maharashtra (MH),2015,64,70,62,37,44
Sangli,Maharashtra (MH),2016,59,81,95,87,26
Sangli,Maharashtra (MH),2017,67,84,60,61,29
Palakkad,Kerala (KL),2015,79,52,83,84,66
Palakkad,Kerala (KL),2016,68,93,68,35,67
Palakkad,Kerala (KL),2017,34,29,100,36,62
Araria,Bihar (BR),2015,90,89,44,59,42
Araria,Bihar (BR),2016,92,77,67,29,53
Araria,Bihar (BR),2017,96,32,75,89,87
Khammam,Telangana (TS),2015,50,64,83,81,55
Khammam,Telangana (TS),2016,60,90,52,78,31
Khammam,Telangana (TS),2017,47,52,82,39,56
Yavatmal,Maharashtra (MH),2015,65,28,51,48,97
Yavatmal,Maharashtra (MH),2016,65,92,89,74,48
Yavatmal,Maharashtra (MH),2017,56,67,84,36,79
Junagadh,Gujarat (GJ),2015,73,64,86,40,93
Junagadh,Gujarat (GJ),2016,71,99,74,42,78
Junagadh,Gujarat (GJ),2017,90,98,64,35,25
Adilabad,Telangana (TS),2015,33,96,82,38,31
Adilabad,Telangana (TS),2016,86,33,71,72,69
Adilabad,Telangana (TS),2017,37,77,96,29,65
South Delhi,Delhi (DL),2015,45,48,65,29,46
South Delhi,Delhi (DL),2016,31,66,34,96,42
South Delhi,Delhi (DL),2017,52,45,40,55,68
Bhojpur,Bihar (BR),2015,37,88,46,48,52
Bhojpur,Bihar (BR),2016,68,39,43,75,76
Bhojpur,Bihar (BR),2017,81,67,57,87,53
Tiruchirappalli,Tamil Nadu (TN),2015,65,81,84,97,38
Tiruchirappalli,Tamil Nadu (TN),2016,86,58,58,59,96
Tiruchirappalli,Tamil Nadu (TN),2017,59,65,55,43,95
Srikakulam,Andhra Pradesh (AP),2015,75,73,32,100,66
Srikakulam,Andhra Pradesh (AP),2016,99,58,55,69,78
Srikakulam,Andhra Pradesh (AP),2017,31,96,29,83,58
Dhanbad,Jharkhand (JH),2015,42,59,71,50,75
Dhanbad,Jharkhand (JH),2016,81,92,79,67,59
Dhanbad,Jharkhand (JH),2017,52,77,75,88,64
Tumkur,Karnataka (KA),2015,42,76,82,34,27
Tumkur,Karnataka (KA),2016,46,76,63,48,83
Tumkur,Karnataka (KA),2017,32,92,92,37,69
Sikar,Rajasthan (RJ),2015,54,34,67,85,97
Sikar,Rajasthan (RJ),2016,92,55,63,50,37
Sikar,Rajasthan (RJ),2017,72,52,36,65,25
Maharajganj,Uttar Pradesh (UP),2015,49,41,36,36,92
Maharajganj,Uttar Pradesh (UP),2016,74,71,35,29,84
Maharajganj,Uttar Pradesh (UP),2017,40,64,82,53,52
Bilaspur,Chhattisgarh (CG),2015,72,43,99,90,74
Bilaspur,Chhattisgarh (CG),2016,94,44,73,67,77
Bilaspur,Chhattisgarh (CG),2017,52,93,25,50,42
Raigad,Maharashtra (MH),2015,73,51,97,76,67
Raigad,Maharashtra (MH),2016,61,79,46,52,69
Raigad,Maharashtra (MH),2017,41,87,72,98,53
Fatehpur,Uttar Pradesh (UP),2015,63,65,49,89,62
Fatehpur,Uttar Pradesh (UP),2016,86,26,48,92,39
Fatehpur,Uttar Pradesh (UP),2017,65,29,72,41,68
Kollam,Kerala (KL),2015,67,43,72,58,48
Kollam,Kerala (KL),2016,99,29,44,74,98
Kollam,Kerala (KL),2017,78,36,85,95,81
Cuttack,Odisha (OD),2015,89,44,48,73,43
Cuttack,Odisha (OD),2016,89,27,45,42,41
Cuttack,Odisha (OD),2017,72,36,92,85,28
Barmer,Rajasthan (RJ),2015,80,44,26,78,99
Barmer,Rajasthan (RJ),2016,95,80,39,36,48
Barmer,Rajasthan (RJ),2017,55,59,35,72,48
Cuddalore,Tamil Nadu (TN),2015,73,47,30,81,86
Cuddalore,Tamil Nadu (TN),2016,32,74,36,85,75
Cuddalore,Tamil Nadu (TN),2017,57,56,93,28,66
Buldhana,Maharashtra (MH),2015,66,77,68,67,34
Buldhana,Maharashtra (MH),2016,57,99,82,97,33
Buldhana,Maharashtra (MH),2017,94,65,57,92,40
Beed,Maharashtra (MH),2015,27,45,60,90,79
Beed,Maharashtra (MH),2016,79,51,56,26,82
Beed,Maharashtra (MH),2017,70,42,45,90,46
Ajmer,Rajasthan (RJ),2015,38,40,75,92,56
Ajmer,Rajasthan (RJ),2016,47,66,29,68,39
Ajmer,Rajasthan (RJ),2017,94,96,35,81,52
Gulbarga,Karnataka (KA),2015,59,86,84,26,83
Gulbarga,Karnataka (KA),2016,97,39,84,91,80
Gulbarga,Karnataka (KA),2017,38,35,27,27,91
Gopalganj,Bihar (BR),2015,34,86,35,71,39
Gopalganj,Bihar (BR),2016,89,84,50,94,86
Gopalganj,Bihar (BR),2017,54,57,46,38,47
Siddharthnagar,Uttar Pradesh (UP),2015,72,27,55,70,79
Siddharthnagar,Uttar Pradesh (UP),2016,65,34,91,82,27
Siddharthnagar,Uttar Pradesh (UP),2017,82,39,91,48,97
Nizamabad,Telangana (TS),2015,54,76,67,47,84
Nizamabad,Telangana (TS),2016,65,86,55,36,44
Nizamabad,Telangana (TS),2017,88,34,31,58,54
Bharatpur,Rajasthan (RJ),2015,68,52,73,66,36
Bharatpur,Rajasthan (RJ),2016,27,77,86,64,59
Bharatpur,Rajasthan (RJ),2017,74,47,94,31,64
Mathura,Uttar Pradesh (UP),2015,72,50,80,36,41
Mathura,Uttar Pradesh (UP),2016,44,87,36,85,46
Mathura,Uttar Pradesh (UP),2017,69,36,90,84,45
Bellary,Karnataka (KA),2015,49,78,78,72,56
Bellary,Karnataka (KA),2016,47,65,44,30,80
Bellary,Karnataka (KA),2017,40,46,71,41,85
West Delhi,Delhi (DL),2015,42,81,60,92,58
West Delhi,Delhi (DL),2016,71,68,38,54,35
West Delhi,Delhi (DL),2017,78,68,61,34,40
Kannur,Kerala (KL),2015,93,26,31,39,28
Kannur,Kerala (KL),2016,37,68,49,28,30
Kannur,Kerala (KL),2017,81,42,92,63,40
Mayurbhanj,Odisha (OD),2015,71,34,98,91,85
Mayurbhanj,Odisha (OD),2016,97,41,27,95,43
Mayurbhanj,Odisha (OD),2017,67,31,65,52,49
Aurangabad,Bihar (BR),2015,85,39,45,59,93
Aurangabad,Bihar (BR),2016,85,63,98,33,83
Aurangabad,Bihar (BR),2017,54,100,50,77,55
Firozabad,Uttar Pradesh (UP),2015,90,92,31,38,55
Firozabad,Uttar Pradesh (UP),2016,55,75,87,36,99
Firozabad,Uttar Pradesh (UP),2017,83,53,77,57,42
Mirzapur,Uttar Pradesh (UP),2015,41,73,99,59,88
Mirzapur,Uttar Pradesh (UP),2016,47,97,72,42,39
Mirzapur,Uttar Pradesh (UP),2017,42,73,71,48,99
Amritsar,Punjab (PB),2015,42,64,95,93,73
Amritsar,Punjab (PB),2016,33,100,96,80,54
Amritsar,Punjab (PB),2017,84,37,32,29,98
Tirupur,Tamil Nadu (TN),2015,28,60,44,43,32
Tirupur,Tamil Nadu (TN),2016,67,88,43,88,56
Tirupur,Tamil Nadu (TN),2017,49,68,96,34,70
Tiruvannamalai,Tamil Nadu (TN),2015,35,66,95,52,80
Tiruvannamalai,Tamil Nadu (TN),2016,97,26,47,68,100
Tiruvannamalai,Tamil Nadu (TN),2017,38,28,25,89,88
Faizabad,Uttar Pradesh (UP),2015,26,76,97,92,57
Faizabad,Uttar Pradesh (UP),2016,41,34,100,32,28
Faizabad,Uttar Pradesh (UP),2017,87,74,51,41,53
Basti,Uttar Pradesh (UP),2015,91,37,85,33,96
Basti,Uttar Pradesh (UP),2016,32,27,43,60,49
Basti,Uttar Pradesh (UP),2017,43,40,68,79,32
Jabalpur,Madhya Pradesh (MP),2015,27,55,100,84,76
Jabalpur,Madhya Pradesh (MP),2016,60,73,80,32,52
Jabalpur,Madhya Pradesh (MP),2017,100,96,71,66,42
Latur,Maharashtra (MH),2015,91,44,51,83,60
Latur,Maharashtra (MH),2016,27,68,87,66,91
Latur,Maharashtra (MH),2017,83,27,33,59,55
Giridih,Jharkhand (JH),2015,44,99,50,33,42
Giridih,Jharkhand (JH),2016,49,40,53,37,56
Giridih,Jharkhand (JH),2017,73,81,100,38,67
Sabarkantha,Gujarat (GJ),2015,58,33,53,38,70
Sabarkantha,Gujarat (GJ),2016,55,94,65,71,92
Sabarkantha,Gujarat (GJ),2017,69,61,55,89,60
Bhilwara,Rajasthan (RJ),2015,59,70,95,33,30
Bhilwara,Rajasthan (RJ),2016,86,96,67,68,42
Bhilwara,Rajasthan (RJ),2017,99,42,80,73,27
Thanjavur,Tamil Nadu (TN),2015,36,60,77,98,89
Thanjavur,Tamil Nadu (TN),2016,69,87,66,52,51
Thanjavur,Tamil Nadu (TN),2017,81,82,96,61,38
Ambedkar Nagar,Uttar Pradesh (UP),2015,81,48,34,70,34
Ambedkar Nagar,Uttar Pradesh (UP),2016,37,91,49,55,91
Ambedkar Nagar,Uttar Pradesh (UP),2017,72,34,65,69,49
Panchmahal,Gujarat (GJ),2015,37,25,92,51,93
Panchmahal,Gujarat (GJ),2016,35,97,68,87,57
Panchmahal,Gujarat (GJ),2017,69,90,47,31,46
Bahraich,Uttar Pradesh (UP),2015,99,91,37,97,43
Bahraich,Uttar Pradesh (UP),2016,48,85,91,61,91
Bahraich,Uttar Pradesh (UP),2017,77,44,62,41,92
Sagar,Madhya Pradesh (MP),2015,59,37,48,67,56
Sagar,Madhya Pradesh (MP),2016,62,66,34,67,82
Sagar,Madhya Pradesh (MP),2017,100,68,25,28,93
Bhopal,Madhya Pradesh (MP),2015,39,75,78,26,72
Bhopal,Madhya Pradesh (MP),2016,85,27,50,60,98
Bhopal,Madhya Pradesh (MP),2017,40,85,97,70,41
Bikaner,Rajasthan (RJ),2015,54,38,91,78,35
Bikaner,Rajasthan (RJ),2016,69,69,50,28,25
Bikaner,Rajasthan (RJ),2017,77,73,29,49,73
Rewa,Madhya Pradesh (MP),2015,27,89,93,53,49
Rewa,Madhya Pradesh (MP),2016,79,96,68,37,71
Rewa,Madhya Pradesh (MP),2017,33,33,88,38,45
Vizianagaram,Andhra Pradesh (AP),2015,51,59,36,50,69
Vizianagaram,Andhra Pradesh (AP),2016,77,73,31,95,40
Vizianagaram,Andhra Pradesh (AP),2017,73,56,72,86,82
Rampur,Uttar Pradesh (UP),2015,48,41,75,63,25
Rampur,Uttar Pradesh (UP),2016,67,69,81,92,58
Rampur,Uttar Pradesh (UP),2017,39,55,77,85,86
Balasore,Odisha (OD),2015,81,85,56,95,34
Balasore,Odisha (OD),2016,98,40,34,27,58
Balasore,Odisha (OD),2017,73,33,81,59,99
Gurdaspur,Punjab (PB),2015,62,79,90,95,73
Gurdaspur,Punjab (PB),2016,25,95,85,45,46
Gurdaspur,Punjab (PB),2017,46,40,42,31,76
Kheda,Gujarat (GJ),2015,70,96,34,83,60
Kheda,Gujarat (GJ),2016,63,32,34,50,78
Kheda,Gujarat (GJ),2017,52,58,58,67,84
South West Delhi,Delhi (DL),2015,30,95,97,95,98
South West Delhi,Delhi (DL),2016,38,52,64,97,31
South West Delhi,Delhi (DL),2017,68,88,48,25,50
East Singhbhum,Jharkhand (JH),2015,44,47,65,39,38
East Singhbhum,Jharkhand (JH),2016,28,54,96,70,77
East Singhbhum,Jharkhand (JH),2017,66,35,25,69,87
Erode,Tamil Nadu (TN),2015,54,70,40,52,82
Erode,Tamil Nadu (TN),2016,36,37,88,37,37
Erode,Tamil Nadu (TN),2017,52,35,69,76,45
Khordha,Odisha (OD),2015,42,100,75,61,100
Khordha,Odisha (OD),2016,83,28,45,35,53
Khordha,Odisha (OD),2017,30,35,97,77,87
North East Delhi,Delhi (DL),2015,66,99,69,54,84
North East Delhi,Delhi (DL),2016,47,59,58,50,55
North East Delhi,Delhi (DL),2017,96,51,81,93,31
Satna,Madhya Pradesh (MP),2015,97,65,39,53,72
Satna,Madhya Pradesh (MP),2016,30,38,28,34,35
Satna,Madhya Pradesh (MP),2017,62,94,57,28,61
Supaul,Bihar (BR),2015,86,25,52,39,28
Supaul,Bihar (BR),2016,73,55,49,49,47
Supaul,Bihar (BR),2017,31,32,26,68,62
Sambhal(Bheem Nagar),Uttar Pradesh (UP),2015,100,78,52,36,50
Sambhal(Bheem Nagar),Uttar Pradesh (UP),2016,51,92,94,48,53
Sambhal(Bheem Nagar),Uttar Pradesh (UP),2017,59,26,57,36,25
Nawada,Bihar (BR),2015,70,71,53,48,36
Nawada,Bihar (BR),2016,92,90,40,27,95
Nawada,Bihar (BR),2017,91,59,100,37,86
Mau,Uttar Pradesh (UP),2015,100,58,83,63,36
Mau,Uttar Pradesh (UP),2016,42,72,79,70,36
Mau,Uttar Pradesh (UP),2017,69,79,88,56,59
Chandrapur,Maharashtra (MH),2015,45,34,36,53,57
Chandrapur,Maharashtra (MH),2016,28,47,79,54,74
Chandrapur,Maharashtra (MH),2017,97,72,44,26,92
Dhar,Madhya Pradesh (MP),2015,39,87,27,91,84
Dhar,Madhya Pradesh (MP),2016,52,48,86,70,42
Dhar,Madhya Pradesh (MP),2017,76,71,42,34,70
Jalandhar,Punjab (PB),2015,55,39,47,25,57
Jalandhar,Punjab (PB),2016,36,69,65,33,89
Jalandhar,Punjab (PB),2017,100,85,93,55,95
Vijayapura,Karnataka (KA),2015,59,50,49,80,41
Vijayapura,Karnataka (KA),2016,27,31,100,42,75
Vijayapura,Karnataka (KA),2017,99,61,33,29,95
Dindigul,Tamil Nadu (TN),2015,41,30,98,27,77
Dindigul,Tamil Nadu (TN),2016,42,40,61,67,34
Dindigul,Tamil Nadu (TN),2017,95,64,87,48,74
Jamnagar,Gujarat (GJ),2015,63,74,80,60,33
Jamnagar,Gujarat (GJ),2016,51,63,28,81,52
Jamnagar,Gujarat (GJ),2017,66,66,58,92,81
Balrampur,Uttar Pradesh (UP),2015,92,82,47,90,75
Balrampur,Uttar Pradesh (UP),2016,91,30,36,79,43
Balrampur,Uttar Pradesh (UP),2017,56,58,45,78,41
Jhunjhunu,Rajasthan (RJ),2015,65,44,48,95,84
Jhunjhunu,Rajasthan (RJ),2016,58,67,28,71,93
Jhunjhunu,Rajasthan (RJ),2017,71,40,77,84,81
Dahod,Gujarat (GJ),2015,42,66,55,63,72
Dahod,Gujarat (GJ),2016,48,64,65,27,30
Dahod,Gujarat (GJ),2017,34,65,43,58,62
Alappuzha,Kerala (KL),2015,96,82,61,63,82
Alappuzha,Kerala (KL),2016,38,67,54,63,99
Alappuzha,Kerala (KL),2017,26,66,67,98,83
Kutch,Gujarat (GJ),2015,33,62,75,36,58
Kutch,Gujarat (GJ),2016,69,82,34,98,66
Kutch,Gujarat (GJ),2017,79,98,51,86,43
Chhindwara,Madhya Pradesh (MP),2015,63,96,96,64,56
Chhindwara,Madhya Pradesh (MP),2016,57,64,61,25,80
Chhindwara,Madhya Pradesh (MP),2017,91,67,96,66,87
Anand,Gujarat (GJ),2015,34,57,36,86,84
Anand,Gujarat (GJ),2016,39,73,83,43,84
Anand,Gujarat (GJ),2017,100,38,53,42,75
Dakshina Kannada,Karnataka (KA),2015,89,64,27,34,97
Dakshina Kannada,Karnataka (KA),2016,35,84,45,39,52
Dakshina Kannada,Karnataka (KA),2017,86,34,71,37,53
Sundargarh,Odisha (OD),2015,87,86,41,33,71
Sundargarh,Odisha (OD),2016,66,97,80,100,40
Sundargarh,Odisha (OD),2017,32,37,86,78,71
Bokaro,Jharkhand (JH),2015,49,50,60,72,82
Bokaro,Jharkhand (JH),2016,35,100,56,78,26
Bokaro,Jharkhand (JH),2017,59,97,47,55,77
Dhule,Maharashtra (MH),2015,53,80,73,65,47
Dhule,Maharashtra (MH),2016,58,29,89,70,74
Dhule,Maharashtra (MH),2017,25,76,40,57,32
Churu,Rajasthan (RJ),2015,63,71,38,42,79
Churu,Rajasthan (RJ),2016,55,92,41,95,64
Churu,Rajasthan (RJ),2017,30,97,38,30,30
Pali,Rajasthan (RJ),2015,80,25,80,59,98
Pali,Rajasthan (RJ),2016,46,26,67,62,38
Pali,Rajasthan (RJ),2017,86,61,66,64,59
Pilibhit,Uttar Pradesh (UP),2015,50,80,81,66,47
Pilibhit,Uttar Pradesh (UP),2016,59,88,97,72,71
Pilibhit,Uttar Pradesh (UP),2017,95,39,63,79,49
Gwalior,Madhya Pradesh (MP),2015,45,26,87,42,55
Gwalior,Madhya Pradesh (MP),2016,76,37,55,63,27
Gwalior,Madhya Pradesh (MP),2017,65,72,50,58,43
Banka,Bihar (BR),2015,73,75,82,30,63
Banka,Bihar (BR),2016,54,26,98,73,62
Banka,Bihar (BR),2017,95,43,68,27,53
Mehsana,Gujarat (GJ),2015,30,91,94,40,44
Mehsana,Gujarat (GJ),2016,28,97,31,86,46
Mehsana,Gujarat (GJ),2017,34,74,96,60,36
Firozpur,Punjab (PB),2015,67,98,61,87,49
Firozpur,Punjab (PB),2016,75,89,69,87,49
Firozpur,Punjab (PB),2017,100,99,72,92,65
Jhansi,Uttar Pradesh (UP),2015,86,67,82,50,88
Jhansi,Uttar Pradesh (UP),2016,99,89,62,100,35
Jhansi,Uttar Pradesh (UP),2017,59,98,29,94,61
Pathankot,Punjab (PB),2015,44,67,26,96,59
Pathankot,Punjab (PB),2016,38,30,60,81,63
Pathankot,Punjab (PB),2017,98,87,40,76,94
Madhepura,Bihar (BR),2015,43,47,61,32,50
Madhepura,Bihar (BR),2016,99,51,61,69,25
Madhepura,Bihar (BR),2017,57,49,57,33,82
Ujjain,Madhya Pradesh (MP),2015,94,43,54,80,54
Ujjain,Madhya Pradesh (MP),2016,85,25,44,54,91
Ujjain,Madhya Pradesh (MP),2017,52,50,86,80,92
Kottayam,Kerala (KL),2015,35,92,86,87,92
Kottayam,Kerala (KL),2016,50,97,41,88,66
Kottayam,Kerala (KL),2017,36,26,29,43,90
Ganganagar,Rajasthan (RJ),2015,33,28,42,82,60
Ganganagar,Rajasthan (RJ),2016,83,35,82,39,29
Ganganagar,Rajasthan (RJ),2017,35,61,74,30,92
Morena,Madhya Pradesh (MP),2015,76,98,36,41,31
Morena,Madhya Pradesh (MP),2016,73,56,80,65,40
Morena,Madhya Pradesh (MP),2017,99,29,60,59,89
Jalna,Maharashtra (MH),2015,35,86,66,53,41
Jalna,Maharashtra (MH),2016,96,96,34,77,65
Jalna,Maharashtra (MH),2017,57,32,85,84,27
Chandauli,Uttar Pradesh (UP),2015,81,97,62,41,78
Chandauli,Uttar Pradesh (UP),2016,31,82,87,53,70
Chandauli,Uttar Pradesh (UP),2017,75,26,71,39,88
Kota,Rajasthan (RJ),2015,97,98,39,61,88
Kota,Rajasthan (RJ),2016,44,89,37,86,84
Kota,Rajasthan (RJ),2017,65,85,91,26,80
Dhubri,Assam (AS),2015,92,33,85,37,40
Dhubri,Assam (AS),2016,53,69,33,99,97
Dhubri,Assam (AS),2017,50,60,40,66,75
Davanagere,Karnataka (KA),2015,73,44,47,71,75
Davanagere,Karnataka (KA),2016,70,30,89,89,50
Davanagere,Karnataka (KA),2017,73,77,90,58,54
Virudhunagar,Tamil Nadu (TN),2015,83,43,61,67,82
Virudhunagar,Tamil Nadu (TN),2016,86,69,74,36,90
Virudhunagar,Tamil Nadu (TN),2017,43,46,97,69,88
Palamu,Jharkhand (JH),2015,37,79,64,100,74
Palamu,Jharkhand (JH),2016,87,88,66,95,78
Palamu,Jharkhand (JH),2017,61,65,54,67,59
Haridwar,Uttarakhand (UK),2015,83,87,92,88,93
Haridwar,Uttarakhand (UK),2016,89,35,56,53,99
Haridwar,Uttarakhand (UK),2017,77,39,93,37,51
Sonitpur,Assam (AS),2015,78,86,47,42,99
Sonitpur,Assam (AS),2016,58,32,79,63,92
Sonitpur,Assam (AS),2017,53,86,58,96,90
Raichur,Karnataka (KA),2015,72,94,62,91,26
Raichur,Karnataka (KA),2016,68,44,26,79,29
Raichur,Karnataka (KA),2017,39,55,28,77,87
Pudukkottai,Tamil Nadu (TN),2015,66,89,66,59,68
Pudukkottai,Tamil Nadu (TN),2016,85,33,58,90,92
Pudukkottai,Tamil Nadu (TN),2017,38,72,92,79,89
Saharsa,Bihar (BR),2015,83,93,39,70,37
Saharsa,Bihar (BR),2016,43,47,98,36,68
Saharsa,Bihar (BR),2017,52,50,27,83,58
Bagalkot,Karnataka (KA),2015,45,76,32,56,61
Bagalkot,Karnataka (KA),2016,82,55,29,72,63
Bagalkot,Karnataka (KA),2017,83,92,93,32,63
Farrukhabad,Uttar Pradesh (UP),2015,47,72,81,52,66
Farrukhabad,Uttar Pradesh (UP),2016,65,34,61,39,35
Farrukhabad,Uttar Pradesh (UP),2017,80,100,68,48,73
Krishnagiri,Tamil Nadu (TN),2015,57,29,43,69,77
Krishnagiri,Tamil Nadu (TN),2016,91,25,63,26,36
Krishnagiri,Tamil Nadu (TN),2017,64,43,63,84,88
Khargone (West Nimar),Madhya Pradesh (MP),2015,33,99,54,32,44
Khargone (West Nimar),Madhya Pradesh (MP),2016,57,51,85,72,99
Khargone (West Nimar),Madhya Pradesh (MP),2017,75,27,79,50,100
Sonbhadra,Uttar Pradesh (UP),2015,71,36,60,39,36
Sonbhadra,Uttar Pradesh (UP),2016,64,80,90,62,75
Sonbhadra,Uttar Pradesh (UP),2017,57,69,70,68,85
Mainpuri,Uttar Pradesh (UP),2015,41,48,99,53,52
Mainpuri,Uttar Pradesh (UP),2016,69,76,29,92,58
Mainpuri,Uttar Pradesh (UP),2017,28,84,80,44,45
Dharwad,Karnataka (KA),2015,33,85,79,30,39
Dharwad,Karnataka (KA),2016,80,90,46,85,25
Dharwad,Karnataka (KA),2017,78,26,67,43,99
Darjeeling,West Bengal (WB),2015,70,52,80,28,88
Darjeeling,West Bengal (WB),2016,95,58,97,90,61
Darjeeling,West Bengal (WB),2017,81,38,87,27,95
Jyotiba Phule Nagar,Uttar Pradesh (UP),2015,82,65,55,90,75
Jyotiba Phule Nagar,Uttar Pradesh (UP),2016,25,97,31,74,67
Jyotiba Phule Nagar,Uttar Pradesh (UP),2017,42,75,66,70,32
Parbhani,Maharashtra (MH),2015,80,48,28,72,82
Parbhani,Maharashtra (MH),2016,80,56,89,43,83
Parbhani,Maharashtra (MH),2017,73,70,41,87,84
Jalore,Rajasthan (RJ),2015,55,52,78,34,32
Jalore,Rajasthan (RJ),2016,33,68,77,61,93
Jalore,Rajasthan (RJ),2017,52,80,100,76,33
Jajpur,Odisha (OD),2015,99,90,98,84,60
Jajpur,Odisha (OD),2016,62,52,68,58,62
Jajpur,Odisha (OD),2017,41,81,62,90,83
Akola,Maharashtra (MH),2015,99,99,79,31,38
Akola,Maharashtra (MH),2016,88,42,67,75,81
Akola,Maharashtra (MH),2017,56,92,94,33,25
Mandya,Karnataka (KA),2015,36,73,91,82,79
Mandya,Karnataka (KA),2016,46,77,63,34,30
Mandya,Karnataka (KA),2017,95,28,51,51,38
Kendujhar (Keonjhar),Odisha (OD),2015,93,82,35,80,57
Kendujhar (Keonjhar),Odisha (OD),2016,73,41,100,31,47
Kendujhar (Keonjhar),Odisha (OD),2017,76,55,86,78,97
Banda,Uttar Pradesh (UP),2015,47,56,96,85,85
Banda,Uttar Pradesh (UP),2016,52,87,77,41,28
Banda,Uttar Pradesh (UP),2017,100,45,27,45,25
Faridabad,Haryana (HR),2015,76,83,95,89,57
Faridabad,Haryana (HR),2016,68,91,80,94,37
Faridabad,Haryana (HR),2017,49,70,93,97,79
Banswara,Rajasthan (RJ),2015,37,97,86,79,61
Banswara,Rajasthan (RJ),2016,80,65,88,64,31
Banswara,Rajasthan (RJ),2017,77,35,45,90,43
Kanpur Dehat (Ramabai Nagar),Uttar Pradesh (UP),2015,92,74,48,27,36
Kanpur Dehat (Ramabai Nagar),Uttar Pradesh (UP),2016,52,63,72,47,31
Kanpur Dehat (Ramabai Nagar),Uttar Pradesh (UP),2017,81,87,58,66,72
Hanumangarh,Rajasthan (RJ),2015,60,90,69,34,98
Hanumangarh,Rajasthan (RJ),2016,33,35,98,42,47
Hanumangarh,Rajasthan (RJ),2017,94,67,94,49,73
Hassan,Karnataka (KA),2015,97,57,82,91,82
Hassan,Karnataka (KA),2016,73,48,80,42,43
Hassan,Karnataka (KA),2017,37,73,65,50,86
Chhatarpur,Madhya Pradesh (MP),2015,28,84,30,36,61
Chhatarpur,Madhya Pradesh (MP),2016,99,53,34,80,95
Chhatarpur,Madhya Pradesh (MP),2017,54,42,51,62,31
Etah,Uttar Pradesh (UP),2015,62,90,42,41,38
Etah,Uttar Pradesh (UP),2016,50,30,40,53,29
Etah,Uttar Pradesh (UP),2017,54,90,68,96,36
Jamui,Bihar (BR),2015,61,75,99,26,62
Jamui,Bihar (BR),2016,51,43,68,89,72
Jamui,Bihar (BR),2017,51,61,79,78,72
Surendranagar,Gujarat (GJ),2015,59,96,76,73,82
Surendranagar,Gujarat (GJ),2016,83,79,79,89,27
Surendranagar,Gujarat (GJ),2017,99,100,46,62,25
Shimoga,Karnataka (KA),2015,76,64,39,89,44
Shimoga,Karnataka (KA),2016,54,72,31,73,40
Shimoga,Karnataka (KA),2017,43,66,77,47,43
Hissar,Haryana (HR),2015,50,85,64,39,56
Hissar,Haryana (HR),2016,69,47,87,61,55
Hissar,Haryana (HR),2017,78,51,50,43,40
Thoothukudi,Tamil Nadu (TN),2015,38,61,28,88,88
Thoothukudi,Tamil Nadu (TN),2016,66,84,47,85,75
Thoothukudi,Tamil Nadu (TN),2017,88,58,74,50,99
Cachar,Assam (AS),2015,60,34,98,46,33
Cachar,Assam (AS),2016,71,91,42,40,82
Cachar,Assam (AS),2017,62,46,85,95,31
Hazaribag,Jharkhand (JH),2015,70,34,82,74,48
Hazaribag,Jharkhand (JH),2016,62,53,80,95,71
Hazaribag,Jharkhand (JH),2017,77,52,93,25,78
Shivpuri,Madhya Pradesh (MP),2015,55,37,71,78,39
Shivpuri,Madhya Pradesh (MP),2016,100,98,47,89,65
Shivpuri,Madhya Pradesh (MP),2017,97,87,93,39,43
Namakkal,Tamil Nadu (TN),2015,33,45,80,79,62
Namakkal,Tamil Nadu (TN),2016,54,100,79,98,25
Namakkal,Tamil Nadu (TN),2017,59,61,82,99,62
Sant Kabir Nagar,Uttar Pradesh (UP),2015,82,43,47,65,33
Sant Kabir Nagar,Uttar Pradesh (UP),2016,43,37,52,79,57
Sant Kabir Nagar,Uttar Pradesh (UP),2017,50,55,47,72,57
East Delhi,Delhi (DL),2015,64,61,73,44,76
East Delhi,Delhi (DL),2016,70,35,37,51,49
East Delhi,Delhi (DL),2017,99,86,72,40,84
Buxar,Bihar (BR),2015,58,96,49,59,26
Buxar,Bihar (BR),2016,79,79,59,46,55
Buxar,Bihar (BR),2017,38,81,30,85,71
Bhind,Madhya Pradesh (MP),2015,58,84,96,84,63
Bhind,Madhya Pradesh (MP),2016,89,61,52,83,84
Bhind,Madhya Pradesh (MP),2017,80,51,36,58,39
Valsad,Gujarat (GJ),2015,65,30,96,29,86
Valsad,Gujarat (GJ),2016,35,94,30,33,40
Valsad,Gujarat (GJ),2017,99,28,50,63,39
Balaghat,Madhya Pradesh (MP),2015,36,29,60,38,32
Balaghat,Madhya Pradesh (MP),2016,30,77,36,90,68
Balaghat,Madhya Pradesh (MP),2017,82,72,93,93,31
Bidar,Karnataka (KA),2015,66,62,77,66,25
Bidar,Karnataka (KA),2016,81,29,97,100,92
Bidar,Karnataka (KA),2017,41,56,32,97,50
Alipurduar,West Bengal (WB),2015,33,42,94,46,33
Alipurduar,West Bengal (WB),2016,78,35,73,100,41
Alipurduar,West Bengal (WB),2017,93,87,93,87,36
Dehradun,Uttarakhand (UK),2015,35,31,44,26,49
Dehradun,Uttarakhand (UK),2016,35,51,32,89,26
Dehradun,Uttarakhand (UK),2017,91,74,58,92,36
Puri,Odisha (OD),2015,82,75,90,63,63
Puri,Odisha (OD),2016,69,37,39,64,68
Puri,Odisha (OD),2017,80,72,58,94,45
Barpeta,Assam (AS),2015,53,70,82,42,74
Barpeta,Assam (AS),2016,40,61,43,74,49
Barpeta,Assam (AS),2017,57,88,46,52,37
Kishanganj,Bihar (BR),2015,90,32,87,72,42
Kishanganj,Bihar (BR),2016,58,34,66,84,29
Kishanganj,Bihar (BR),2017,52,39,62,40,89
Gautam Buddh Nagar,Uttar Pradesh (UP),2015,61,99,47,86,78
Gautam Buddh Nagar,Uttar Pradesh (UP),2016,51,48,88,32,60
Gautam Buddh Nagar,Uttar Pradesh (UP),2017,35,58,97,28,58
Dakshin Dinajpur,West Bengal (WB),2015,64,34,77,73,62
Dakshin Dinajpur,West Bengal (WB),2016,39,81,56,64,57
Dakshin Dinajpur,West Bengal (WB),2017,37,96,41,39,71
Jalaun,Uttar Pradesh (UP),2015,75,30,49,36,93
Jalaun,Uttar Pradesh (UP),2016,28,34,26,64,76
Jalaun,Uttar Pradesh (UP),2017,79,49,57,80,53
Chitradurga,Karnataka (KA),2015,78,82,65,50,95
Chitradurga,Karnataka (KA),2016,72,59,58,41,40
Chitradurga,Karnataka (KA),2017,87,32,81,37,33
Osmanabad,Maharashtra (MH),2015,92,94,44,39,38
Osmanabad,Maharashtra (MH),2016,71,90,94,90,29
Osmanabad,Maharashtra (MH),2017,81,50,31,82,61
Kannauj,Uttar Pradesh (UP),2015,36,85,87,97,42
Kannauj,Uttar Pradesh (UP),2016,95,25,72,51,69
Kannauj,Uttar Pradesh (UP),2017,81,85,34,63,52
Khagaria,Bihar (BR),2015,50,64,77,68,46
Khagaria,Bihar (BR),2016,99,83,63,89,50
Khagaria,Bihar (BR),2017,33,83,57,71,72
Sangrur,Punjab (PB),2015,76,33,68,25,30
Sangrur,Punjab (PB),2016,78,46,53,34,58
Sangrur,Punjab (PB),2017,65,68,55,100,80
Balangir,Odisha (OD),2015,39,75,93,31,71
Balangir,Odisha (OD),2016,33,96,48,99,93
Balangir,Odisha (OD),2017,39,38,34,54,44
Udham Singh Nagar,Uttarakhand (UK),2015,28,92,91,92,92
Udham Singh Nagar,Uttarakhand (UK),2016,50,69,96,48,74
Udham Singh Nagar,Uttarakhand (UK),2017,78,49,53,52,79
Nandurbar,Maharashtra (MH),2015,64,54,52,72,32
Nandurbar,Maharashtra (MH),2016,34,43,50,35,56
Nandurbar,Maharashtra (MH),2017,80,79,51,75,78
Dausa,Rajasthan (RJ),2015,98,64,54,45,44
Dausa,Rajasthan (RJ),2016,59,27,55,27,90
Dausa,Rajasthan (RJ),2017,39,45,29,72,27
Bhiwani,Haryana (HR),2015,43,49,100,39,58
Bhiwani,Haryana (HR),2016,25,64,48,99,95
Bhiwani,Haryana (HR),2017,70,42,39,33,44
Kaimur,Bihar (BR),2015,73,77,87,45,41
Kaimur,Bihar (BR),2016,60,78,38,80,59
Kaimur,Bihar (BR),2017,73,68,63,33,92
Janjgir-Champa,Chhattisgarh (CG),2015,68,96,59,64,67
Janjgir-Champa,Chhattisgarh (CG),2016,70,86,61,27,97
Janjgir-Champa,Chhattisgarh (CG),2017,34,40,51,80,47
Nagapattinam,Tamil Nadu (TN),2015,57,50,49,93,64
Nagapattinam,Tamil Nadu (TN),2016,63,43,77,34,75
Nagapattinam,Tamil Nadu (TN),2017,32,42,47,41,30
Ratnagiri,Maharashtra (MH),2015,33,89,57,76,43
Ratnagiri,Maharashtra (MH),2016,93,93,49,50,66
Ratnagiri,Maharashtra (MH),2017,44,47,31,98,47
Haveri district,Karnataka (KA),2015,39,40,44,74,57
Haveri district,Karnataka (KA),2016,55,34,85,90,96
Haveri district,Karnataka (KA),2017,34,75,77,35,55
Kaushambi,Uttar Pradesh (UP),2015,63,91,79,50,33
Kaushambi,Uttar Pradesh (UP),2016,59,44,32,58,100
Kaushambi,Uttar Pradesh (UP),2017,38,94,100,97,36
Hoshiarpur,Punjab (PB),2015,48,35,46,91,64
Hoshiarpur,Punjab (PB),2016,94,78,79,75,94
Hoshiarpur,Punjab (PB),2017,38,54,45,51,27
Etawah,Uttar Pradesh (UP),2015,25,75,49,96,49
Etawah,Uttar Pradesh (UP),2016,75,59,97,38,72
Etawah,Uttar Pradesh (UP),2017,33,97,81,39,68
Betul,Madhya Pradesh (MP),2015,28,50,25,50,96
Betul,Madhya Pradesh (MP),2016,97,74,86,93,31
Betul,Madhya Pradesh (MP),2017,63,77,42,49,28
Kalahandi,Odisha (OD),2015,73,79,38,28,41
Kalahandi,Odisha (OD),2016,40,68,36,52,89
Kalahandi,Odisha (OD),2017,72,99,49,87,54
Hathras (Mahamaya Nagar),Uttar Pradesh (UP),2015,57,87,89,57,49
Hathras (Mahamaya Nagar),Uttar Pradesh (UP),2016,90,69,47,25,82
Hathras (Mahamaya Nagar),Uttar Pradesh (UP),2017,84,83,67,53,84
Dewas,Madhya Pradesh (MP),2015,96,34,73,99,35
Dewas,Madhya Pradesh (MP),2016,25,77,71,35,56
Dewas,Madhya Pradesh (MP),2017,65,97,73,46,93
Sant Ravidas Nagar,Uttar Pradesh (UP),2015,90,62,45,72,94
Sant Ravidas Nagar,Uttar Pradesh (UP),2016,35,93,75,35,58
Sant Ravidas Nagar,Uttar Pradesh (UP),2017,42,44,48,88,45
Bharuch,Gujarat (GJ),2015,98,73,30,58,58
Bharuch,Gujarat (GJ),2016,49,43,95,73,36
Bharuch,Gujarat (GJ),2017,80,96,35,41,77
Rajgarh,Madhya Pradesh (MP),2015,50,72,68,89,49
Rajgarh,Madhya Pradesh (MP),2016,88,65,89,78,27
Rajgarh,Madhya Pradesh (MP),2017,45,97,49,64,26
Chittorgarh,Rajasthan (RJ),2015,70,61,98,84,83
Chittorgarh,Rajasthan (RJ),2016,33,56,91,66,77
Chittorgarh,Rajasthan (RJ),2017,79,25,75,92,97
Kolar,Karnataka (KA),2015,31,83,32,38,83
Kolar,Karnataka (KA),2016,82,90,53,47,70
Kolar,Karnataka (KA),2017,70,55,27,68,50
Rajnandgaon,Chhattisgarh (CG),2015,62,79,42,78,79
Rajnandgaon,Chhattisgarh (CG),2016,91,34,81,40,55
Rajnandgaon,Chhattisgarh (CG),2017,59,61,71,64,39
Jammu,Jammu and Kashmir (JK),2015,61,29,77,46,76
Jammu,Jammu and Kashmir (JK),2016,93,98,88,97,91
Jammu,Jammu and Kashmir (JK),2017,86,37,32,45,61
Kamrup,Assam (AS),2015,97,33,54,85,39
Kamrup,Assam (AS),2016,77,37,88,45,63
Kamrup,Assam (AS),2017,85,98,74,27,25
Gurgaon,Haryana (HR),2015,59,72,82,65,38
Gurgaon,Haryana (HR),2016,91,63,34,75,89
Gurgaon,Haryana (HR),2017,55,29,57,89,65
Amreli district,Gujarat (GJ),2015,28,44,32,35,96
Amreli district,Gujarat (GJ),2016,47,50,85,35,94
Amreli district,Gujarat (GJ),2017,43,51,68,46,82
Shajapur,Madhya Pradesh (MP),2015,40,82,32,97,72
Shajapur,Madhya Pradesh (MP),2016,91,77,64,42,63
Shajapur,Madhya Pradesh (MP),2017,58,82,89,79,88
Kangra,Himachal Pradesh (HP),2015,80,76,97,77,58
Kangra,Himachal Pradesh (HP),2016,25,91,46,91,79
Kangra,Himachal Pradesh (HP),2017,95,71,58,59,29
Bhadrak,Odisha (OD),2015,25,62,70,96,67
Bhadrak,Odisha (OD),2016,78,77,30,84,96
Bhadrak,Odisha (OD),2017,73,58,48,79,74
Karnal,Haryana (HR),2015,29,55,25,43,90
Karnal,Haryana (HR),2016,77,57,81,88,49
Karnal,Haryana (HR),2017,55,40,35,77,97
Dharmapuri,Tamil Nadu (TN),2015,60,71,88,43,79
Dharmapuri,Tamil Nadu (TN),2016,40,25,45,29,72
Dharmapuri,Tamil Nadu (TN),2017,61,32,100,66,29
West Singhbhum,Jharkhand (JH),2015,68,53,25,35,66
West Singhbhum,Jharkhand (JH),2016,80,28,76,32,29
West Singhbhum,Jharkhand (JH),2017,65,62,50,46,26
Raigarh,Chhattisgarh (CG),2015,57,71,92,94,99
Raigarh,Chhattisgarh (CG),2016,37,84,62,33,85
Raigarh,Chhattisgarh (CG),2017,35,47,69,49,40
Deoghar,Jharkhand (JH),2015,92,98,71,31,79
Deoghar,Jharkhand (JH),2016,78,79,46,27,77
Deoghar,Jharkhand (JH),2017,52,72,49,79,65
Sonipat,Haryana (HR),2015,33,43,79,86,94
Sonipat,Haryana (HR),2016,25,25,95,100,59
Sonipat,Haryana (HR),2017,67,56,65,72,46
Bargarh (Baragarh),Odisha (OD),2015,65,39,43,83,45
Bargarh (Baragarh),Odisha (OD),2016,47,47,36,61,58
Bargarh (Baragarh),Odisha (OD),2017,50,75,80,27,25
Karauli,Rajasthan (RJ),2015,82,83,83,33,62
Karauli,Rajasthan (RJ),2016,56,42,87,32,33
Karauli,Rajasthan (RJ),2017,87,48,61,44,90
Vidisha,Madhya Pradesh (MP),2015,80,45,41,47,70
Vidisha,Madhya Pradesh (MP),2016,55,26,31,51,31
Vidisha,Madhya Pradesh (MP),2017,30,90,54,51,67
Ratlam,Madhya Pradesh (MP),2015,59,51,51,33,40
Ratlam,Madhya Pradesh (MP),2016,86,28,67,87,67
Ratlam,Madhya Pradesh (MP),2017,49,59,70,39,64
Hapur (Panchsheel Nagar),Uttar Pradesh (UP),2015,56,63,96,28,49
Hapur (Panchsheel Nagar),Uttar Pradesh (UP),2016,80,94,100,98,43
Hapur (Panchsheel Nagar),Uttar Pradesh (UP),2017,51,34,55,33,51
Tikamgarh,Madhya Pradesh (MP),2015,91,38,49,80,56
Tikamgarh,Madhya Pradesh (MP),2016,56,88,77,74,90
Tikamgarh,Madhya Pradesh (MP),2017,61,66,45,27,28
Kendrapara,Odisha (OD),2015,40,91,100,36,54
Kendrapara,Odisha (OD),2016,32,56,98,45,53
Kendrapara,Odisha (OD),2017,57,74,92,45,64
Kanshi Ram Nagar,Uttar Pradesh (UP),2015,91,71,97,66,76
Kanshi Ram Nagar,Uttar Pradesh (UP),2016,60,45,49,69,55
Kanshi Ram Nagar,Uttar Pradesh (UP),2017,96,54,64,48,42
Tonk,Rajasthan (RJ),2015,99,28,76,67,100
Tonk,Rajasthan (RJ),2016,90,77,81,88,26
Tonk,Rajasthan (RJ),2017,40,50,43,67,72
Bastar,Chhattisgarh (CG),2015,61,85,37,40,35
Bastar,Chhattisgarh (CG),2016,80,47,54,31,35
Bastar,Chhattisgarh (CG),2017,67,97,81,38,99
Jhalawar,Rajasthan (RJ),2015,73,61,75,65,76
Jhalawar,Rajasthan (RJ),2016,50,38,88,69,78
Jhalawar,Rajasthan (RJ),2017,93,64,38,61,31
Koppal,Karnataka (KA),2015,44,26,99,42,63
Koppal,Karnataka (KA),2016,30,28,70,80,59
Koppal,Karnataka (KA),2017,37,58,56,28,30
Dungapur,Rajasthan (RJ),2015,36,51,49,43,62
Dungapur,Rajasthan (RJ),2016,63,55,95,60,76
Dungapur,Rajasthan (RJ),2017,27,72,47,91,69
Bathinda,Punjab (PB),2015,27,36,56,89,45
Bathinda,Punjab (PB),2016,91,68,43,41,58
Bathinda,Punjab (PB),2017,64,98,38,69,26
Gandhinagar,Gujarat (GJ),2015,83,66,84,64,74
Gandhinagar,Gujarat (GJ),2016,90,26,65,84,99
Gandhinagar,Gujarat (GJ),2017,60,69,83,28,63
Barwani,Madhya Pradesh (MP),2015,77,25,74,39,44
Barwani,Madhya Pradesh (MP),2016,79,70,94,77,68
Barwani,Madhya Pradesh (MP),2017,47,92,35,84,39
Seoni,Madhya Pradesh (MP),2015,56,92,70,67,72
Seoni,Madhya Pradesh (MP),2016,96,41,45,74,85
Seoni,Madhya Pradesh (MP),2017,69,98,91,67,67
Koraput,Odisha (OD),2015,100,67,64,74,65
Koraput,Odisha (OD),2016,57,41,89,96,51
Koraput,Odisha (OD),2017,55,60,82,62,61
Auraiya,Uttar Pradesh (UP),2015,51,45,59,86,62
Auraiya,Uttar Pradesh (UP),2016,92,32,80,55,53
Auraiya,Uttar Pradesh (UP),2017,68,53,52,71,32
Munger,Bihar (BR),2015,58,64,51,50,52
Munger,Bihar (BR),2016,86,58,28,61,60
Munger,Bihar (BR),2017,75,73,93,55,47
Uttara Kannada,Karnataka (KA),2015,36,33,88,100,25
Uttara Kannada,Karnataka (KA),2016,85,93,62,31,30
Uttara Kannada,Karnataka (KA),2017,63,70,75,58,51
Patan,Gujarat (GJ),2015,80,84,25,65,45
Patan,Gujarat (GJ),2016,93,51,54,33,89
Patan,Gujarat (GJ),2017,63,78,25,38,100
Sivaganga,Tamil Nadu (TN),2015,37,28,98,31,69
Sivaganga,Tamil Nadu (TN),2016,43,64,53,28,80
Sivaganga,Tamil Nadu (TN),2017,86,63,84,45,31
Mandsaur,Madhya Pradesh (MP),2015,90,38,94,81,91
Mandsaur,Madhya Pradesh (MP),2016,53,35,85,44,68
Mandsaur,Madhya Pradesh (MP),2017,29,49,54,92,41
Sawai Madhopur,Rajasthan (RJ),2015,99,46,63,58,70
Sawai Madhopur,Rajasthan (RJ),2016,89,85,71,91,91
Sawai Madhopur,Rajasthan (RJ),2017,97,25,99,38,87
Ramanathapuram,Tamil Nadu (TN),2015,61,69,31,28,81
Ramanathapuram,Tamil Nadu (TN),2016,83,54,88,33,95
Ramanathapuram,Tamil Nadu (TN),2017,96,70,79,59,80
Jind,Haryana (HR),2015,91,41,62,41,42
Jind,Haryana (HR),2016,90,93,96,82,46
Jind,Haryana (HR),2017,76,63,41,44,82
Raisen,Madhya Pradesh (MP),2015,73,55,76,69,26
Raisen,Madhya Pradesh (MP),2016,90,87,38,98,71
Raisen,Madhya Pradesh (MP),2017,32,85,39,61,78
Navsari,Gujarat (GJ),2015,29,83,30,39,30
Navsari,Gujarat (GJ),2016,28,43,31,91,50
Navsari,Gujarat (GJ),2017,74,85,88,46,80
Dibrugarh,Assam (AS),2015,58,98,52,45,93
Dibrugarh,Assam (AS),2016,49,26,93,39,33
Dibrugarh,Assam (AS),2017,62,50,28,35,38
Garhwa,Jharkhand (JH),2015,97,84,46,53,49
Garhwa,Jharkhand (JH),2016,73,85,46,74,88
Garhwa,Jharkhand (JH),2017,41,35,47,27,51
Gondia,Maharashtra (MH),2015,97,50,79,58,73
Gondia,Maharashtra (MH),2016,30,46,36,85,44
Gondia,Maharashtra (MH),2017,66,26,25,60,55
Dumka,Jharkhand (JH),2015,61,96,36,55,31
Dumka,Jharkhand (JH),2016,57,100,45,96,100
Dumka,Jharkhand (JH),2017,94,45,64,98,79
Tinsukia,Assam (AS),2015,71,82,72,93,85
Tinsukia,Assam (AS),2016,66,96,57,31,80
Tinsukia,Assam (AS),2017,69,82,25,62,38
Godda,Jharkhand (JH),2015,63,81,26,72,81
Godda,Jharkhand (JH),2016,30,63,78,89,54
Godda,Jharkhand (JH),2017,30,63,58,39,51
Sehore,Madhya Pradesh (MP),2015,96,61,55,66,57
Sehore,Madhya Pradesh (MP),2016,99,57,71,92,31
Sehore,Madhya Pradesh (MP),2017,60,31,92,41,100
Khandwa (East Nimar),Madhya Pradesh (MP),2015,37,53,62,97,48
Khandwa (East Nimar),Madhya Pradesh (MP),2016,97,93,48,31,95
Khandwa (East Nimar),Madhya Pradesh (MP),2017,56,29,60,56,88
Kasaragod,Kerala (KL),2015,99,75,64,52,41
Kasaragod,Kerala (KL),2016,31,73,62,34,99
Kasaragod,Kerala (KL),2017,84,69,76,96,38
Bagpat,Uttar Pradesh (UP),2015,43,36,26,30,48
Bagpat,Uttar Pradesh (UP),2016,96,51,94,62,44
Bagpat,Uttar Pradesh (UP),2017,25,45,38,74,53
Wardha,Maharashtra (MH),2015,92,63,42,88,71
Wardha,Maharashtra (MH),2016,88,78,99,64,35
Wardha,Maharashtra (MH),2017,87,94,81,87,43
Sirsa,Haryana (HR),2015,85,76,89,30,92
Sirsa,Haryana (HR),2016,74,65,77,34,65
Sirsa,Haryana (HR),2017,45,29,29,28,58
Katni,Madhya Pradesh (MP),2015,86,76,63,100,39
Katni,Madhya Pradesh (MP),2016,61,44,82,53,50
Katni,Madhya Pradesh (MP),2017,47,52,40,49,74
Angul,Odisha (OD),2015,59,79,100,76,63
Angul,Odisha (OD),2016,89,49,58,83,31
Angul,Odisha (OD),2017,96,65,99,85,28
Srinagar,Jammu and Kashmir (JK),2015,45,79,70,100,95
Srinagar,Jammu and Kashmir (JK),2016,31,98,91,75,31
Srinagar,Jammu and Kashmir (JK),2017,97,84,25,79,48
Tiruvarur,Tamil Nadu (TN),2015,58,80,65,98,46
Tiruvarur,Tamil Nadu (TN),2016,35,52,98,68,84
Tiruvarur,Tamil Nadu (TN),2017,68,93,37,37,59
Damoh,Madhya Pradesh (MP),2015,54,39,74,73,94
Damoh,Madhya Pradesh (MP),2016,71,35,36,68,25
Damoh,Madhya Pradesh (MP),2017,62,69,69,67,27
Kamrup Metropolitan,Assam (AS),2015,57,89,26,42,35
Kamrup Metropolitan,Assam (AS),2016,60,37,61,95,33
Kamrup Metropolitan,Assam (AS),2017,59,89,90,56,95
Chikkaballapur,Karnataka (KA),2015,86,29,71,84,82
Chikkaballapur,Karnataka (KA),2016,30,26,43,81,93
Chikkaballapur,Karnataka (KA),2017,100,91,61,65,40
Theni,Tamil Nadu (TN),2015,96,25,67,41,75
Theni,Tamil Nadu (TN),2016,63,67,76,29,79
Theni,Tamil Nadu (TN),2017,56,97,51,100,53
Hoshangabad,Madhya Pradesh (MP),2015,67,37,83,34,63
Hoshangabad,Madhya Pradesh (MP),2016,100,48,56,71,26
Hoshangabad,Madhya Pradesh (MP),2017,82,78,43,90,96
Guna,Madhya Pradesh (MP),2015,32,96,56,80,78
Guna,Madhya Pradesh (MP),2016,95,34,68,51,82
Guna,Madhya Pradesh (MP),2017,36,95,42,63,73
Baran,Rajasthan (RJ),2015,51,79,96,86,50
Baran,Rajasthan (RJ),2016,53,43,36,49,45
Baran,Rajasthan (RJ),2017,55,36,32,67,58
Nabarangpur,Odisha (OD),2015,38,32,39,86,94
Nabarangpur,Odisha (OD),2016,44,80,74,91,96
Nabarangpur,Odisha (OD),2017,100,54,48,46,27
Lalitpur,Uttar Pradesh (UP),2015,51,59,97,33,94
Lalitpur,Uttar Pradesh (UP),2016,94,92,56,68,40
Lalitpur,Uttar Pradesh (UP),2017,74,54,56,51,59
Gir Somnath,Gujarat (GJ),2015,64,42,69,95,93
Gir Somnath,Gujarat (GJ),2016,40,99,77,40,80
Gir Somnath,Gujarat (GJ),2017,81,51,59,61,100
Karimganj,Assam (AS),2015,69,69,82,49,41
Karimganj,Assam (AS),2016,74,33,80,79,84
Karimganj,Assam (AS),2017,79,68,52,66,49
Yamuna Nagar,Haryana (HR),2015,95,78,78,97,29
Yamuna Nagar,Haryana (HR),2016,88,73,59,84,68
Yamuna Nagar,Haryana (HR),2017,57,84,55,78,46
Dholpur,Rajasthan (RJ),2015,59,92,30,97,50
Dholpur,Rajasthan (RJ),2016,26,79,49,51,48
Dholpur,Rajasthan (RJ),2017,84,94,49,90,65
Korba,Chhattisgarh (CG),2015,99,53,44,62,72
Korba,Chhattisgarh (CG),2016,83,55,52,82,74
Korba,Chhattisgarh (CG),2017,37,76,36,93,38
Panipat,Haryana (HR),2015,44,52,67,46,94
Panipat,Haryana (HR),2016,87,53,95,40,62
Panipat,Haryana (HR),2017,35,84,96,88,72
Bhandara,Maharashtra (MH),2015,33,86,70,45,61
Bhandara,Maharashtra (MH),2016,67,50,59,25,30
Bhandara,Maharashtra (MH),2017,35,48,44,33,66
Washim,Maharashtra (MH),2015,92,91,65,50,92
Washim,Maharashtra (MH),2016,60,94,48,74,70
Washim,Maharashtra (MH),2017,92,66,87,80,45
Pathanamthitta,Kerala (KL),2015,70,82,81,92,80
Pathanamthitta,Kerala (KL),2016,46,96,99,37,100
Pathanamthitta,Kerala (KL),2017,30,30,32,96,90
Dhenkanal,Odisha (OD),2015,40,90,64,89,68
Dhenkanal,Odisha (OD),2016,74,51,65,28,96
Dhenkanal,Odisha (OD),2017,95,63,30,37,81
Hingoli,Maharashtra (MH),2015,54,67,44,73,49
Hingoli,Maharashtra (MH),2016,43,87,86,76,90
Hingoli,Maharashtra (MH),2017,72,56,45,97,64
Singrauli,Madhya Pradesh (MP),2015,87,83,66,89,54
Singrauli,Madhya Pradesh (MP),2016,73,70,80,87,82
Singrauli,Madhya Pradesh (MP),2017,79,91,48,25,89
Udupi,Karnataka (KA),2015,81,56,47,35,53
Udupi,Karnataka (KA),2016,95,97,43,30,72
Udupi,Karnataka (KA),2017,75,82,41,48,76
Yadgir,Karnataka (KA),2015,28,74,41,47,36
Yadgir,Karnataka (KA),2016,51,53,63,52,70
Yadgir,Karnataka (KA),2017,71,41,72,38,72
Rajsamand,Rajasthan (RJ),2015,68,37,91,95,58
Rajsamand,Rajasthan (RJ),2016,77,55,40,27,80
Rajsamand,Rajasthan (RJ),2017,45,87,84,85,32
Sivasagar,Assam (AS),2015,68,32,90,44,76
Sivasagar,Assam (AS),2016,67,75,34,86,68
Sivasagar,Assam (AS),2017,90,41,41,74,93
Sahibganj,Jharkhand (JH),2015,49,68,71,32,29
Sahibganj,Jharkhand (JH),2016,90,66,38,26,80
Sahibganj,Jharkhand (JH),2017,66,87,75,58,28
Chikkamagaluru,Karnataka (KA),2015,79,57,100,70,86
Chikkamagaluru,Karnataka (KA),2016,57,47,26,82,60
Chikkamagaluru,Karnataka (KA),2017,82,100,78,68,84
Ambala,Haryana (HR),2015,92,82,98,25,96
Ambala,Haryana (HR),2016,87,49,86,38,88
Ambala,Haryana (HR),2017,58,48,33,49,93
Jagatsinghpur,Odisha (OD),2015,91,80,27,52,66
Jagatsinghpur,Odisha (OD),2016,40,59,31,48,60
Jagatsinghpur,Odisha (OD),2017,64,72,92,53,55
Sidhi,Madhya Pradesh (MP),2015,29,100,35,79,45
Sidhi,Madhya Pradesh (MP),2016,72,56,72,49,86
Sidhi,Madhya Pradesh (MP),2017,100,48,71,61,65
Jehanabad,Bihar (BR),2015,59,56,38,67,26
Jehanabad,Bihar (BR),2016,53,35,32,66,28
Jehanabad,Bihar (BR),2017,58,76,96,71,76
Tarn Taran,Punjab (PB),2015,47,57,47,71,71
Tarn Taran,Punjab (PB),2016,78,95,95,54,67
Tarn Taran,Punjab (PB),2017,30,82,29,30,35
Shravasti,Uttar Pradesh (UP),2015,68,32,30,77,74
Shravasti,Uttar Pradesh (UP),2016,81,27,78,68,93
Shravasti,Uttar Pradesh (UP),2017,42,40,60,26,95
Bundi,Rajasthan (RJ),2015,84,83,56,90,92
Bundi,Rajasthan (RJ),2016,58,33,93,41,41
Bundi,Rajasthan (RJ),2017,80,67,84,61,73
Idukki,Kerala (KL),2015,38,93,98,51,48
Idukki,Kerala (KL),2016,58,97,81,56,30
Idukki,Kerala (KL),2017,94,44,79,33,42
Hamirpur,Uttar Pradesh (UP),2015,50,28,48,91,54
Hamirpur,Uttar Pradesh (UP),2016,70,48,92,82,74
Hamirpur,Uttar Pradesh (UP),2017,80,27,79,88,56
Narsinghpur,Madhya Pradesh (MP),2015,47,67,61,51,64
Narsinghpur,Madhya Pradesh (MP),2016,70,82,95,32,64
Narsinghpur,Madhya Pradesh (MP),2017,32,34,98,28,73
Jorhat,Assam (AS),2015,60,51,29,25,96
Jorhat,Assam (AS),2016,96,85,52,54,93
Jorhat,Assam (AS),2017,40,62,27,33,72
Mewat,Haryana (HR),2015,35,47,58,47,45
Mewat,Haryana (HR),2016,50,55,45,100,95
Mewat,Haryana (HR),2017,25,86,68,46,74
Ramanagara,Karnataka (KA),2015,75,83,80,63,77
Ramanagara,Karnataka (KA),2016,99,30,94,95,32
Ramanagara,Karnataka (KA),2017,75,39,63,98,52
Karur,Tamil Nadu (TN),2015,49,32,43,75,57
Karur,Tamil Nadu (TN),2016,83,59,60,51,100
Karur,Tamil Nadu (TN),2017,29,69,27,83,28
Kaithal,Haryana (HR),2015,75,62,89,75,77
Kaithal,Haryana (HR),2016,36,30,53,72,93
Kaithal,Haryana (HR),2017,30,77,86,49,68
Chhota Udaipur,Gujarat (GJ),2015,62,92,68,60,87
Chhota Udaipur,Gujarat (GJ),2016,93,37,62,36,52
Chhota Udaipur,Gujarat (GJ),2017,55,63,76,73,34
Gadchiroli,Maharashtra (MH),2015,78,28,79,33,62
Gadchiroli,Maharashtra (MH),2016,32,36,37,52,47
Gadchiroli,Maharashtra (MH),2017,91,55,76,87,36
Anantnag,Jammu and Kashmir (JK),2015,48,81,82,92,75
Anantnag,Jammu and Kashmir (JK),2016,38,95,56,51,94
Anantnag,Jammu and Kashmir (JK),2017,47,71,52,34,40
Gadag,Karnataka (KA),2015,76,83,94,27,53
Gadag,Karnataka (KA),2016,27,60,75,37,70
Gadag,Karnataka (KA),2017,28,32,45,96,83
Shahdol,Madhya Pradesh (MP),2015,51,93,31,94,61
Shahdol,Madhya Pradesh (MP),2016,59,87,70,57,85
Shahdol,Madhya Pradesh (MP),2017,42,81,98,72,69
Seraikela Kharsawan,Jharkhand (JH),2015,95,68,42,37,84
Seraikela Kharsawan,Jharkhand (JH),2016,69,66,99,65,98
Seraikela Kharsawan,Jharkhand (JH),2017,79,49,83,35,48
Rohtak,Haryana (HR),2015,27,27,72,73,67
Rohtak,Haryana (HR),2016,40,88,35,92,33
Rohtak,Haryana (HR),2017,75,92,31,63,62
Golaghat,Assam (AS),2015,43,36,81,97,55
Golaghat,Assam (AS),2016,91,87,82,41,96
Golaghat,Assam (AS),2017,55,82,69,36,88
Chandigarh,Chandigarh (CH),2015,36,49,76,40,88
Chandigarh,Chandigarh (CH),2016,72,25,91,80,73
Chandigarh,Chandigarh (CH),2017,73,84,36,70,61
Mandla,Madhya Pradesh (MP),2015,53,58,92,71,50
Mandla,Madhya Pradesh (MP),2016,73,33,28,31,49
Mandla,Madhya Pradesh (MP),2017,55,47,53,34,65
Aravalli,Gujarat (GJ),2015,47,87,57,34,74
Aravalli,Gujarat (GJ),2016,37,29,68,25,88
Aravalli,Gujarat (GJ),2017,44,96,61,28,83
Sambalpur,Odisha (OD),2015,75,65,60,36,84
Sambalpur,Odisha (OD),2016,66,64,60,55,83
Sambalpur,Odisha (OD),2017,100,58,32,45,46
Chatra,Jharkhand (JH),2015,94,77,42,64,65
Chatra,Jharkhand (JH),2016,60,73,62,97,86
Chatra,Jharkhand (JH),2017,54,33,34,33,79
Lakhimpur,Assam (AS),2015,99,40,91,51,61
Lakhimpur,Assam (AS),2016,43,55,47,60,91
Lakhimpur,Assam (AS),2017,43,40,39,63,26
Palwal,Haryana (HR),2015,66,90,88,81,75
Palwal,Haryana (HR),2016,59,75,41,73,77
Palwal,Haryana (HR),2017,77,55,86,79,88
Sirohi,Rajasthan (RJ),2015,51,63,59,31,65
Sirohi,Rajasthan (RJ),2016,81,41,44,68,96
Sirohi,Rajasthan (RJ),2017,89,69,71,33,59
Mahasamund,Chhattisgarh (CG),2015,99,58,44,34,73
Mahasamund,Chhattisgarh (CG),2016,69,61,57,33,51
Mahasamund,Chhattisgarh (CG),2017,27,50,40,41,33
Gumla,Jharkhand (JH),2015,47,47,82,41,30
Gumla,Jharkhand (JH),2016,39,88,55,96,77
Gumla,Jharkhand (JH),2017,97,74,25,26,61
Jhabua,Madhya Pradesh (MP),2015,48,94,56,32,73
Jhabua,Madhya Pradesh (MP),2016,82,96,63,80,29
Jhabua,Madhya Pradesh (MP),2017,48,40,27,30,92
Chamarajnagar,Karnataka (KA),2015,98,84,59,99,51
Chamarajnagar,Karnataka (KA),2016,34,69,35,86,44
Chamarajnagar,Karnataka (KA),2017,25,65,87,37,73
Panna,Madhya Pradesh (MP),2015,79,94,64,81,32
Panna,Madhya Pradesh (MP),2016,47,65,46,84,90
Panna,Madhya Pradesh (MP),2017,77,28,38,51,46
Baramulla,Jammu and Kashmir (JK),2015,31,47,90,92,78
Baramulla,Jammu and Kashmir (JK),2016,44,72,65,66,57
Baramulla,Jammu and Kashmir (JK),2017,98,49,89,95,47
Goalpara,Assam (AS),2015,84,49,70,85,44
Goalpara,Assam (AS),2016,28,63,96,64,90
Goalpara,Assam (AS),2017,32,56,33,27,56
Lakhisarai,Bihar (BR),2015,52,50,29,90,26
Lakhisarai,Bihar (BR),2016,78,95,86,83,55
Lakhisarai,Bihar (BR),2017,74,81,86,32,39
Mandi,Himachal Pradesh (HP),2015,38,73,95,58,63
Mandi,Himachal Pradesh (HP),2016,96,74,82,48,83
Mandi,Himachal Pradesh (HP),2017,59,86,98,51,25
Mahisagar,Gujarat (GJ),2015,70,46,35,47,79
Mahisagar,Gujarat (GJ),2016,49,60,53,27,45
Mahisagar,Gujarat (GJ),2017,49,53,82,54,39
Moga,Punjab (PB),2015,44,65,40,57,71
Moga,Punjab (PB),2016,27,97,63,39,52
Moga,Punjab (PB),2017,25,87,46,64,53
Chitrakoot,Uttar Pradesh (UP),2015,82,99,34,87,39
Chitrakoot,Uttar Pradesh (UP),2016,70,25,51,71,50
Chitrakoot,Uttar Pradesh (UP),2017,38,96,68,72,77
Bangalore Rural,Karnataka (KA),2015,73,30,97,35,67
Bangalore Rural,Karnataka (KA),2016,65,76,52,67,62
Bangalore Rural,Karnataka (KA),2017,74,32,33,36,47
Sahibzada Ajit Singh Nagar,Punjab (PB),2015,26,90,35,83,32
Sahibzada Ajit Singh Nagar,Punjab (PB),2016,97,89,99,44,68
Sahibzada Ajit Singh Nagar,Punjab (PB),2017,49,100,71,85,31
Karbi Anglong,Assam (AS),2015,30,51,49,81,92
Karbi Anglong,Assam (AS),2016,50,91,31,78,65
Karbi Anglong,Assam (AS),2017,37,50,76,49,80
Kurukshetra,Haryana (HR),2015,63,45,72,80,56
Kurukshetra,Haryana (HR),2016,56,87,81,92,86
Kurukshetra,Haryana (HR),2017,52,35,51,55,27
Nayagarh,Odisha (OD),2015,83,46,83,69,63
Nayagarh,Odisha (OD),2016,82,87,40,79,41
Nayagarh,Odisha (OD),2017,98,53,48,33,28
Rayagada,Odisha (OD),2015,61,42,79,88,45
Rayagada,Odisha (OD),2016,81,86,36,99,36
Rayagada,Odisha (OD),2017,85,49,84,37,37
Morbi,Gujarat (GJ),2015,40,39,38,66,78
Morbi,Gujarat (GJ),2016,89,29,56,80,54
Morbi,Gujarat (GJ),2017,76,39,38,73,60
Morigaon,Assam (AS),2015,43,93,33,43,45
Morigaon,Assam (AS),2016,51,55,33,58,48
Morigaon,Assam (AS),2017,67,86,87,96,51
Jhajjar,Haryana (HR),2015,72,48,84,71,58
Jhajjar,Haryana (HR),2016,33,95,33,41,46
Jhajjar,Haryana (HR),2017,83,77,34,36,40
Nainital,Uttarakhand (UK),2015,29,61,33,34,59
Nainital,Uttarakhand (UK),2016,91,73,86,36,86
Nainital,Uttarakhand (UK),2017,67,72,99,75,25
Baksa,Assam (AS),2015,32,100,62,59,27
Baksa,Assam (AS),2016,62,58,37,64,70
Baksa,Assam (AS),2017,71,72,77,63,67
Ramgarh,Jharkhand (JH),2015,38,43,87,36,83
Ramgarh,Jharkhand (JH),2016,34,39,43,91,71
Ramgarh,Jharkhand (JH),2017,65,63,61,89,43
Pondicherry,Puducherry (PY),2015,71,93,44,84,29
Pondicherry,Puducherry (PY),2016,58,26,49,93,39
Pondicherry,Puducherry (PY),2017,59,28,87,47,42
Fatehabad,Haryana (HR),2015,64,29,87,62,70
Fatehabad,Haryana (HR),2016,27,29,85,79,73
Fatehabad,Haryana (HR),2017,40,27,52,38,73
Mahendragarh,Haryana (HR),2015,44,51,94,87,32
Mahendragarh,Haryana (HR),2016,53,48,37,32,30
Mahendragarh,Haryana (HR),2017,63,43,54,53,73
West Tripura,Tripura (TR),2015,78,52,79,81,91
West Tripura,Tripura (TR),2016,75,27,60,88,32
West Tripura,Tripura (TR),2017,78,75,88,32,100
Darrang,Assam (AS),2015,66,100,100,48,26
Darrang,Assam (AS),2016,39,88,83,64,64
Darrang,Assam (AS),2017,50,68,48,83,65
Sri Muktsar Sahib,Punjab (PB),2015,98,72,48,83,66
Sri Muktsar Sahib,Punjab (PB),2016,85,74,97,66,72
Sri Muktsar Sahib,Punjab (PB),2017,70,95,94,32,85
Pakur,Jharkhand (JH),2015,52,99,95,53,26
Pakur,Jharkhand (JH),2016,45,86,91,60,71
Pakur,Jharkhand (JH),2017,52,95,60,63,41
Rewari,Haryana (HR),2015,51,70,38,89,56
Rewari,Haryana (HR),2016,95,68,39,68,54
Rewari,Haryana (HR),2017,90,96,69,30,29
Kokrajhar,Assam (AS),2015,52,55,61,51,95
Kokrajhar,Assam (AS),2016,43,93,58,98,86
Kokrajhar,Assam (AS),2017,41,62,31,61,89
North Delhi,Delhi (DL),2015,92,80,72,46,87
North Delhi,Delhi (DL),2016,93,89,81,64,46
North Delhi,Delhi (DL),2017,82,91,62,82,73
Mahoba,Uttar Pradesh (UP),2015,25,72,33,39,46
Mahoba,Uttar Pradesh (UP),2016,80,34,79,76,100
Mahoba,Uttar Pradesh (UP),2017,84,70,97,71,33
Kupwara,Jammu and Kashmir (JK),2015,48,84,56,85,31
Kupwara,Jammu and Kashmir (JK),2016,43,72,65,99,87
Kupwara,Jammu and Kashmir (JK),2017,62,48,69,79,34
Pratapgarh,Rajasthan (RJ),2015,38,61,88,63,45
Pratapgarh,Rajasthan (RJ),2016,65,79,83,47,52
Pratapgarh,Rajasthan (RJ),2017,26,52,98,83,97
Jashpur,Chhattisgarh (CG),2015,45,86,81,87,52
Jashpur,Chhattisgarh (CG),2016,93,83,77,52,61
Jashpur,Chhattisgarh (CG),2017,75,35,56,97,97
Sindhudurg,Maharashtra (MH),2015,70,58,92,49,96
Sindhudurg,Maharashtra (MH),2016,33,36,36,59,73
Sindhudurg,Maharashtra (MH),2017,34,77,70,95,55
Ashok Nagar,Madhya Pradesh (MP),2015,57,98,30,61,76
Ashok Nagar,Madhya Pradesh (MP),2016,85,81,33,76,52
Ashok Nagar,Madhya Pradesh (MP),2017,48,62,97,74,52
Udalguri,Assam (AS),2015,51,44,70,77,76
Udalguri,Assam (AS),2016,92,42,62,45,77
Udalguri,Assam (AS),2017,33,55,47,50,90
Neemuch,Madhya Pradesh (MP),2015,25,43,48,40,30
Neemuch,Madhya Pradesh (MP),2016,53,93,60,64,54
Neemuch,Madhya Pradesh (MP),2017,98,46,68,55,65
East Khasi Hills,Meghalaya (ML),2015,54,43,81,84,55
East Khasi Hills,Meghalaya (ML),2016,99,57,77,44,64
East Khasi Hills,Meghalaya (ML),2017,59,93,65,84,99
North Goa,Goa (GA),2015,50,80,76,78,52
North Goa,Goa (GA),2016,76,41,29,80,30
North Goa,Goa (GA),2017,75,36,66,37,27
Kapurthala,Punjab (PB),2015,34,85,87,96,95
Kapurthala,Punjab (PB),2016,71,30,41,77,72
Kapurthala,Punjab (PB),2017,75,39,72,55,35
Wayanad,Kerala (KL),2015,35,45,63,40,100
Wayanad,Kerala (KL),2016,42,92,87,27,65
Wayanad,Kerala (KL),2017,72,83,69,74,65
Shimla,Himachal Pradesh (HP),2015,82,31,29,96,25
Shimla,Himachal Pradesh (HP),2016,47,71,93,72,72
Shimla,Himachal Pradesh (HP),2017,30,65,100,78,53
Tapi,Gujarat (GJ),2015,30,97,40,72,35
Tapi,Gujarat (GJ),2016,81,31,42,87,49
Tapi,Gujarat (GJ),2017,82,61,42,49,26
Dhamtari,Chhattisgarh (CG),2015,45,95,36,95,67
Dhamtari,Chhattisgarh (CG),2016,52,91,68,58,25
Dhamtari,Chhattisgarh (CG),2017,28,56,28,92,48
Jamtara,Jharkhand (JH),2015,52,73,90,53,72
Jamtara,Jharkhand (JH),2016,40,44,95,95,45
Jamtara,Jharkhand (JH),2017,100,92,70,49,52
Datia,Madhya Pradesh (MP),2015,44,91,37,64,42
Datia,Madhya Pradesh (MP),2016,74,48,62,62,69
Datia,Madhya Pradesh (MP),2017,25,56,37,42,83
Nalbari,Assam (AS),2015,87,45,77,29,66
Nalbari,Assam (AS),2016,60,97,64,88,47
Nalbari,Assam (AS),2017,54,35,93,35,34
Mansa,Punjab (PB),2015,46,97,50,33,96
Mansa,Punjab (PB),2016,44,70,99,58,69
Mansa,Punjab (PB),2017,84,67,28,47,91
Burhanpur,Madhya Pradesh (MP),2015,43,49,37,81,41
Burhanpur,Madhya Pradesh (MP),2016,35,50,74,77,44
Burhanpur,Madhya Pradesh (MP),2017,55,91,29,35,65
Devbhoomi Dwarka,Gujarat (GJ),2015,31,64,26,69,51
Devbhoomi Dwarka,Gujarat (GJ),2016,25,85,90,36,83
Devbhoomi Dwarka,Gujarat (GJ),2017,99,70,31,65,64
Ariyalur,Tamil Nadu (TN),2015,88,70,100,93,49
Ariyalur,Tamil Nadu (TN),2016,44,27,75,81,76
Ariyalur,Tamil Nadu (TN),2017,64,25,91,36,52
Anuppur,Madhya Pradesh (MP),2015,53,76,39,76,98
Anuppur,Madhya Pradesh (MP),2016,31,56,85,58,94
Anuppur,Madhya Pradesh (MP),2017,38,73,61,27,41
Kanker,Chhattisgarh (CG),2015,60,94,60,75,29
Kanker,Chhattisgarh (CG),2016,51,37,44,100,40
Kanker,Chhattisgarh (CG),2017,84,42,99,73,66
Badgam,Jammu and Kashmir (JK),2015,35,43,68,98,57
Badgam,Jammu and Kashmir (JK),2016,71,100,67,74,69
Badgam,Jammu and Kashmir (JK),2017,30,94,47,90,82
Nilgiris,Tamil Nadu (TN),2015,40,99,60,43,83
Nilgiris,Tamil Nadu (TN),2016,43,36,34,33,26
Nilgiris,Tamil Nadu (TN),2017,28,73,27,35,44
Bongaigaon,Assam (AS),2015,46,39,51,62,58
Bongaigaon,Assam (AS),2016,93,35,69,59,96
Bongaigaon,Assam (AS),2017,86,92,41,77,52
Kandhamal,Odisha (OD),2015,76,44,64,87,62
Kandhamal,Odisha (OD),2016,91,27,48,90,54
Kandhamal,Odisha (OD),2017,69,79,28,53,63
Alirajpur,Madhya Pradesh (MP),2015,46,31,40,95,31
Alirajpur,Madhya Pradesh (MP),2016,75,27,57,82,64
Alirajpur,Madhya Pradesh (MP),2017,67,63,58,40,70
Latehar,Jharkhand (JH),2015,49,61,50,44,48
Latehar,Jharkhand (JH),2016,49,67,34,94,79
Latehar,Jharkhand (JH),2017,43,46,40,42,75
Koderma,Jharkhand (JH),2015,43,34,52,90,91
Koderma,Jharkhand (JH),2016,52,55,88,72,27
Koderma,Jharkhand (JH),2017,36,44,49,70,52
Dindori,Madhya Pradesh (MP),2015,37,58,60,40,89
Dindori,Madhya Pradesh (MP),2016,88,99,32,68,74
Dindori,Madhya Pradesh (MP),2017,92,53,92,30,67
Arwal,Bihar (BR),2015,69,36,87,67,31
Arwal,Bihar (BR),2016,63,99,99,88,50
Arwal,Bihar (BR),2017,76,39,55,33,29
Dhemaji,Assam (AS),2015,96,58,58,70,40
Dhemaji,Assam (AS),2016,28,79,67,37,77
Dhemaji,Assam (AS),2017,90,57,100,85,93
Sheopur,Madhya Pradesh (MP),2015,72,78,94,76,83
Sheopur,Madhya Pradesh (MP),2016,97,86,63,87,46
Sheopur,Madhya Pradesh (MP),2017,98,61,46,98,73
Pauri Garhwal,Uttarakhand (UK),2015,63,35,71,58,58
Pauri Garhwal,Uttarakhand (UK),2016,50,42,47,96,72
Pauri Garhwal,Uttarakhand (UK),2017,29,89,45,46,81
Rupnagar,Punjab (PB),2015,69,83,48,71,93
Rupnagar,Punjab (PB),2016,39,39,81,84,91
Rupnagar,Punjab (PB),2017,55,98,46,87,99
Jaisalmer,Rajasthan (RJ),2015,97,63,94,56,40
Jaisalmer,Rajasthan (RJ),2016,92,38,98,48,40
Jaisalmer,Rajasthan (RJ),2017,84,98,25,80,26
Surajpur,Chhattisgarh (CG),2015,69,28,45,66,50
Surajpur,Chhattisgarh (CG),2016,67,48,50,80,91
Surajpur,Chhattisgarh (CG),2017,28,84,89,53,81
Hailakandi,Assam (AS),2015,62,38,78,65,40
Hailakandi,Assam (AS),2016,42,87,93,79,29
Hailakandi,Assam (AS),2017,36,96,66,47,40
Koriya,Chhattisgarh (CG),2015,59,60,74,29,39
Koriya,Chhattisgarh (CG),2016,73,80,93,51,65
Koriya,Chhattisgarh (CG),2017,41,53,59,91,88
Sheohar,Bihar (BR),2015,75,65,85,63,47
Sheohar,Bihar (BR),2016,42,94,26,90,91
Sheohar,Bihar (BR),2017,25,26,54,52,43
Botad,Gujarat (GJ),2015,62,71,45,89,89
Botad,Gujarat (GJ),2016,56,81,96,30,61
Botad,Gujarat (GJ),2017,48,50,44,87,34
Subarnapur (Sonepur),Odisha (OD),2015,68,33,58,93,47
Subarnapur (Sonepur),Odisha (OD),2016,67,50,86,100,79
Subarnapur (Sonepur),Odisha (OD),2017,50,60,79,85,71
Umaria,Madhya Pradesh (MP),2015,82,25,95,58,66
Umaria,Madhya Pradesh (MP),2016,79,90,89,97,76
Umaria,Madhya Pradesh (MP),2017,40,27,79,56,55
West Garo Hills,Meghalaya (ML),2015,64,61,32,96,98
West Garo Hills,Meghalaya (ML),2016,89,52,31,86,96
West Garo Hills,Meghalaya (ML),2017,74,72,44,25,60
South Goa,Goa (GA),2015,53,34,94,50,55
South Goa,Goa (GA),2016,78,56,79,35,79
South Goa,Goa (GA),2017,71,43,29,53,88
Sheikhpura,Bihar (BR),2015,77,26,61,46,34
Sheikhpura,Bihar (BR),2016,25,82,47,91,84
Sheikhpura,Bihar (BR),2017,67,56,81,98,42
Almora,Uttarakhand (UK),2015,99,60,66,55,88
Almora,Uttarakhand (UK),2016,60,63,42,91,91
Almora,Uttarakhand (UK),2017,43,59,95,33,26
Rajouri,Jammu and Kashmir (JK),2015,45,35,52,57,100
Rajouri,Jammu and Kashmir (JK),2016,85,80,80,86,47
Rajouri,Jammu and Kashmir (JK),2017,91,96,94,82,44
Faridkot,Punjab (PB),2015,36,39,43,40,76
Faridkot,Punjab (PB),2016,34,34,78,42,67
Faridkot,Punjab (PB),2017,27,40,100,57,63
Tehri Garhwal,Uttarakhand (UK),2015,61,50,61,91,87
Tehri Garhwal,Uttarakhand (UK),2016,31,71,61,28,89
Tehri Garhwal,Uttarakhand (UK),2017,58,93,52,60,41
Kathua,Jammu and Kashmir (JK),2015,97,94,84,41,69
Kathua,Jammu and Kashmir (JK),2016,89,92,53,72,58
Kathua,Jammu and Kashmir (JK),2017,65,30,89,38,97
Shahid Bhagat Singh Nagar,Punjab (PB),2015,25,35,78,31,68
Shahid Bhagat Singh Nagar,Punjab (PB),2016,36,82,78,80,98
Shahid Bhagat Singh Nagar,Punjab (PB),2017,90,87,75,44,71
Malkangiri,Odisha (OD),2015,41,94,46,99,76
Malkangiri,Odisha (OD),2016,74,67,88,40,41
Malkangiri,Odisha (OD),2017,36,35,44,54,79
Nuapada,Odisha (OD),2015,46,71,89,83,41
Nuapada,Odisha (OD),2016,92,81,65,89,87
Nuapada,Odisha (OD),2017,95,44,53,72,30
Fatehgarh Sahib,Punjab (PB),2015,62,83,39,45,100
Fatehgarh Sahib,Punjab (PB),2016,77,38,99,64,74
Fatehgarh Sahib,Punjab (PB),2017,83,87,31,26,39
Simdega,Jharkhand (JH),2015,96,68,30,98,86
Simdega,Jharkhand (JH),2016,49,85,76,81,26
Simdega,Jharkhand (JH),2017,73,42,35,68,44
Barnala,Punjab (PB),2015,81,97,34,74,61
Barnala,Punjab (PB),2016,46,71,89,42,49
Barnala,Punjab (PB),2017,37,91,25,62,52
Narmada,Gujarat (GJ),2015,57,38,36,49,28
Narmada,Gujarat (GJ),2016,93,54,33,66,60
Narmada,Gujarat (GJ),2017,56,60,98,83,81
Porbandar,Gujarat (GJ),2015,51,93,96,39,72
Porbandar,Gujarat (GJ),2016,72,70,90,38,26
Porbandar,Gujarat (GJ),2017,44,77,70,29,70
Kabirdham (formerly Kawardha),Chhattisgarh (CG),2015,38,44,60,59,54
Kabirdham (formerly Kawardha),Chhattisgarh (CG),2016,72,41,46,56,41
Kabirdham (formerly Kawardha),Chhattisgarh (CG),2017,93,38,47,29,33
Jharsuguda,Odisha (OD),2015,31,83,32,68,43
Jharsuguda,Odisha (OD),2016,40,33,26,74,90
Jharsuguda,Odisha (OD),2017,31,63,84,33,33
Central Delhi,Delhi (DL),2015,37,78,88,92,91
Central Delhi,Delhi (DL),2016,62,58,96,75,79
Central Delhi,Delhi (DL),2017,76,65,31,58,79
Solan,Himachal Pradesh (HP),2015,90,56,70,44,62
Solan,Himachal Pradesh (HP),2016,80,32,58,38,75
Solan,Himachal Pradesh (HP),2017,67,83,86,74,88
Gajapati,Odisha (OD),2015,50,74,98,93,79
Gajapati,Odisha (OD),2016,98,45,70,54,62
Gajapati,Odisha (OD),2017,30,99,100,31,76
Harda,Madhya Pradesh (MP),2015,97,37,68,49,31
Harda,Madhya Pradesh (MP),2016,76,63,93,94,68
Harda,Madhya Pradesh (MP),2017,37,89,95,35,67
Pulwama,Jammu and Kashmir (JK),2015,42,60,63,93,64
Pulwama,Jammu and Kashmir (JK),2016,61,59,55,49,76
Pulwama,Jammu and Kashmir (JK),2017,51,48,91,95,77
Perambalur,Tamil Nadu (TN),2015,30,64,48,73,44
Perambalur,Tamil Nadu (TN),2016,82,53,27,75,80
Perambalur,Tamil Nadu (TN),2017,60,94,90,34,31
Panchkula,Haryana (HR),2015,45,53,39,62,87
Panchkula,Haryana (HR),2016,39,57,42,52,79
Panchkula,Haryana (HR),2017,81,82,58,45,59
Udhampur,Jammu and Kashmir (JK),2015,55,42,79,90,56
Udhampur,Jammu and Kashmir (JK),2016,39,61,97,60,93
Udhampur,Jammu and Kashmir (JK),2017,29,83,64,43,76
Kodagu,Karnataka (KA),2015,70,95,82,58,26
Kodagu,Karnataka (KA),2016,61,77,47,72,58
Kodagu,Karnataka (KA),2017,49,67,40,49,100
Dantewada,Chhattisgarh (CG),2015,99,40,26,71,44
Dantewada,Chhattisgarh (CG),2016,73,62,66,55,83
Dantewada,Chhattisgarh (CG),2017,56,31,72,88,52
Khunti,Jharkhand (JH),2015,30,87,51,99,74
Khunti,Jharkhand (JH),2016,41,38,67,59,82
Khunti,Jharkhand (JH),2017,65,87,94,77,46
Sirmaur,Himachal Pradesh (HP),2015,85,64,35,44,46
Sirmaur,Himachal Pradesh (HP),2016,40,48,73,96,87
Sirmaur,Himachal Pradesh (HP),2017,37,84,55,28,86
Una,Himachal Pradesh (HP),2015,43,75,72,87,30
Una,Himachal Pradesh (HP),2016,94,80,36,52,80
Una,Himachal Pradesh (HP),2017,83,87,48,76,82
Chamba,Himachal Pradesh (HP),2015,82,83,33,26,60
Chamba,Himachal Pradesh (HP),2016,56,31,94,90,86
Chamba,Himachal Pradesh (HP),2017,86,33,63,63,86
Imphal West,Manipur (MN),2015,68,52,30,54,49
Imphal West,Manipur (MN),2016,55,79,46,93,82
Imphal West,Manipur (MN),2017,95,36,82,44,82
Pithoragarh,Uttarakhand (UK),2015,46,98,58,36,25
Pithoragarh,Uttarakhand (UK),2016,98,43,73,33,81
Pithoragarh,Uttarakhand (UK),2017,69,82,29,69,84
Sepahijala,Tripura (TR),2015,56,39,53,25,31
Sepahijala,Tripura (TR),2016,43,68,44,70,94
Sepahijala,Tripura (TR),2017,76,87,63,36,55
Chirang,Assam (AS),2015,80,65,51,46,89
Chirang,Assam (AS),2016,81,57,63,63,72
Chirang,Assam (AS),2017,92,94,95,97,54
Poonch,Jammu and Kashmir (JK),2015,87,28,28,84,57
Poonch,Jammu and Kashmir (JK),2016,73,81,45,55,73
Poonch,Jammu and Kashmir (JK),2017,78,52,73,95,75
Lohardaga,Jharkhand (JH),2015,43,30,57,54,27
Lohardaga,Jharkhand (JH),2016,33,76,59,94,31
Lohardaga,Jharkhand (JH),2017,82,43,40,75,42
Hamirpur,Himachal Pradesh (HP),2015,35,86,82,77,25
Hamirpur,Himachal Pradesh (HP),2016,47,65,99,58,28
Hamirpur,Himachal Pradesh (HP),2017,71,64,59,97,89
Imphal East,Manipur (MN),2015,74,97,59,82,89
Imphal East,Manipur (MN),2016,70,26,71,65,50
Imphal East,Manipur (MN),2017,82,50,27,27,39
Boudh (Bauda),Odisha (OD),2015,32,55,33,69,32
Boudh (Bauda),Odisha (OD),2016,48,68,93,37,63
Boudh (Bauda),Odisha (OD),2017,39,72,25,67,94
Kullu,Himachal Pradesh (HP),2015,61,54,90,55,26
Kullu,Himachal Pradesh (HP),2016,84,91,25,75,87
Kullu,Himachal Pradesh (HP),2017,97,79,38,71,77
Gomati,Tripura (TR),2015,95,95,40,66,71
Gomati,Tripura (TR),2016,69,60,34,30,60
Gomati,Tripura (TR),2017,48,84,50,25,92
South Tripura,Tripura (TR),2015,76,59,36,71,81
South Tripura,Tripura (TR),2016,26,80,79,54,38
South Tripura,Tripura (TR),2017,47,70,57,60,84
Kulgam,Jammu and Kashmir (JK),2015,46,96,55,48,80
Kulgam,Jammu and Kashmir (JK),2016,50,71,27,51,92
Kulgam,Jammu and Kashmir (JK),2017,55,27,41,81,56
Surguja,Chhattisgarh (CG),2015,73,33,59,91,75
Surguja,Chhattisgarh (CG),2016,53,70,35,91,82
Surguja,Chhattisgarh (CG),2017,26,97,91,92,88
Thoubal,Manipur (MN),2015,62,53,38,52,72
Thoubal,Manipur (MN),2016,78,85,99,90,51
Thoubal,Manipur (MN),2017,96,54,57,83,65
North Tripura,Tripura (TR),2015,29,88,89,83,29
North Tripura,Tripura (TR),2016,57,61,33,83,55
North Tripura,Tripura (TR),2017,97,37,40,46,86
Tuensang,Mizoram (MZ),2015,29,59,27,40,31
Tuensang,Mizoram (MZ),2016,59,81,74,70,54
Tuensang,Mizoram (MZ),2017,77,88,70,32,44
Doda,Jammu and Kashmir (JK),2015,43,32,91,62,25
Doda,Jammu and Kashmir (JK),2016,42,89,25,77,39
Doda,Jammu and Kashmir (JK),2017,88,87,69,60,66
Aizawl,Mizoram (MZ),2015,32,59,47,73,26
Aizawl,Mizoram (MZ),2016,49,43,86,83,48
Aizawl,Mizoram (MZ),2017,48,84,36,66,99
Chamoli,Uttarakhand (UK),2015,33,92,62,34,43
Chamoli,Uttarakhand (UK),2016,90,34,72,91,87
Chamoli,Uttarakhand (UK),2017,34,51,91,69,67
West Khasi Hills,Meghalaya (ML),2015,85,55,62,56,64
West Khasi Hills,Meghalaya (ML),2016,29,44,66,63,40
West Khasi Hills,Meghalaya (ML),2017,99,28,74,60,73
Bandipora,Jammu and Kashmir (JK),2015,71,93,91,80,97
Bandipora,Jammu and Kashmir (JK),2016,27,48,88,37,79
Bandipora,Jammu and Kashmir (JK),2017,60,43,49,87,40
Bilaspur,Himachal Pradesh (HP),2015,62,63,41,31,36
Bilaspur,Himachal Pradesh (HP),2016,65,89,55,67,82
Bilaspur,Himachal Pradesh (HP),2017,49,80,61,58,85
Dimapur,Mizoram (MZ),2015,97,49,99,42,86
Dimapur,Mizoram (MZ),2016,55,100,56,32,60
Dimapur,Mizoram (MZ),2017,25,81,42,44,92
Dhalai,Tripura (TR),2015,77,100,77,75,90
Dhalai,Tripura (TR),2016,41,97,65,63,75
Dhalai,Tripura (TR),2017,44,63,66,39,31
Senapati,Manipur (MN),2015,63,96,36,69,86
Senapati,Manipur (MN),2016,44,31,79,63,90
Senapati,Manipur (MN),2017,30,43,80,77,53
Dadra and Nagar Haveli,Dadra and Nagar Haveli (DN),2015,46,98,60,32,45
Dadra and Nagar Haveli,Dadra and Nagar Haveli (DN),2016,92,97,58,80,96
Dadra and Nagar Haveli,Dadra and Nagar Haveli (DN),2017,30,58,62,94,91
Uttarkashi,Uttarakhand (UK),2015,52,49,62,42,40
Uttarkashi,Uttarakhand (UK),2016,83,36,66,37,37
Uttarkashi,Uttarakhand (UK),2017,75,48,38,54,73
Khowai,Tripura (TR),2015,25,43,66,25,77
Khowai,Tripura (TR),2016,57,26,34,48,38
Khowai,Tripura (TR),2017,97,26,27,47,66
Samba,Jammu and Kashmir (JK),2015,77,87,81,29,53
Samba,Jammu and Kashmir (JK),2016,57,40,37,65,38
Samba,Jammu and Kashmir (JK),2017,42,89,72,33,65
East Garo Hills,Meghalaya (ML),2015,52,91,96,84,90
East Garo Hills,Meghalaya (ML),2016,100,80,71,79,42
East Garo Hills,Meghalaya (ML),2017,44,37,47,26,36
Reasi,Jammu and Kashmir (JK),2015,58,98,71,98,98
Reasi,Jammu and Kashmir (JK),2016,28,84,30,25,73
Reasi,Jammu and Kashmir (JK),2017,98,97,27,65,64
Debagarh (Deogarh),Odisha (OD),2015,38,77,78,70,80
Debagarh (Deogarh),Odisha (OD),2016,59,67,40,83,51
Debagarh (Deogarh),Odisha (OD),2017,78,80,80,26,41
Ganderbal,Jammu and Kashmir (JK),2015,92,87,25,97,57
Ganderbal,Jammu and Kashmir (JK),2016,85,43,90,55,85
Ganderbal,Jammu and Kashmir (JK),2017,70,47,67,70,74
Ramban,Jammu and Kashmir (JK),2015,69,45,74,38,46
Ramban,Jammu and Kashmir (JK),2016,88,99,29,93,65
Ramban,Jammu and Kashmir (JK),2017,52,85,96,25,45
East Sikkim,Sikkim (SK),2015,75,75,65,80,70
East Sikkim,Sikkim (SK),2016,67,28,76,77,29
East Sikkim,Sikkim (SK),2017,47,87,27,93,58
Unokoti,Tripura (TR),2015,60,43,59,49,68
Unokoti,Tripura (TR),2016,41,76,43,35,46
Unokoti,Tripura (TR),2017,43,52,89,61,55
Churachandpur,Manipur (MN),2015,59,76,45,51,69
Churachandpur,Manipur (MN),2016,94,45,85,72,67
Churachandpur,Manipur (MN),2017,100,95,88,64,51
West Jaintia Hills,Meghalaya (ML),2015,38,27,37,99,41
West Jaintia Hills,Meghalaya (ML),2016,30,52,50,51,40
West Jaintia Hills,Meghalaya (ML),2017,57,53,84,87,99
Kohima,Mizoram (MZ),2015,27,56,38,42,48
Kohima,Mizoram (MZ),2016,38,25,78,27,76
Kohima,Mizoram (MZ),2017,98,79,43,34,80
Shopian,Jammu and Kashmir (JK),2015,99,36,95,72,29
Shopian,Jammu and Kashmir (JK),2016,77,26,51,42,89
Shopian,Jammu and Kashmir (JK),2017,64,30,65,34,76
Bageshwar,Uttarakhand (UK),2015,92,77,53,72,96
Bageshwar,Uttarakhand (UK),2016,44,87,76,64,34
Bageshwar,Uttarakhand (UK),2017,48,83,84,31,36
Mon,Mizoram (MZ),2015,25,93,59,59,38
Mon,Mizoram (MZ),2016,83,100,55,44,77
Mon,Mizoram (MZ),2017,43,59,64,47,43
Champawat,Uttarakhand (UK),2015,85,33,26,82,61
Champawat,Uttarakhand (UK),2016,41,30,55,71,99
Champawat,Uttarakhand (UK),2017,38,89,52,78,97
Ri Bhoi,Meghalaya (ML),2015,89,97,63,29,69
Ri Bhoi,Meghalaya (ML),2016,77,70,36,71,77
Ri Bhoi,Meghalaya (ML),2017,98,59,31,40,75
Bijapur,Chhattisgarh (CG),2015,88,26,42,36,58
Bijapur,Chhattisgarh (CG),2016,78,77,55,25,66
Bijapur,Chhattisgarh (CG),2017,90,33,95,27,66
Sukma,Chhattisgarh (CG),2015,39,30,67,99,36
Sukma,Chhattisgarh (CG),2016,58,98,56,58,40
Sukma,Chhattisgarh (CG),2017,41,86,57,97,29
Bishnupur,Manipur (MN),2015,90,56,95,77,98
Bishnupur,Manipur (MN),2016,83,84,51,76,33
Bishnupur,Manipur (MN),2017,54,80,80,96,59
South Andaman,Andaman and Nicobar (AN),2015,61,67,29,44,94
South Andaman,Andaman and Nicobar (AN),2016,69,59,88,37,35
South Andaman,Andaman and Nicobar (AN),2017,97,34,62,65,55
Rudraprayag,Uttarakhand (UK),2015,40,36,29,77,85
Rudraprayag,Uttarakhand (UK),2016,30,28,36,38,61
Rudraprayag,Uttarakhand (UK),2017,28,97,96,41,50
Kishtwar,Jammu and Kashmir (JK),2015,27,45,61,71,62
Kishtwar,Jammu and Kashmir (JK),2016,85,33,83,100,95
Kishtwar,Jammu and Kashmir (JK),2017,74,90,100,31,47
Dang,Gujarat (GJ),2015,72,66,59,68,87
Dang,Gujarat (GJ),2016,43,57,77,79,42
Dang,Gujarat (GJ),2017,89,48,68,94,94
Dima Hasao,Assam (AS),2015,65,31,91,33,32
Dima Hasao,Assam (AS),2016,44,93,59,31,36
Dima Hasao,Assam (AS),2017,49,37,91,100,27
Karaikal,Puducherry (PY),2015,52,28,61,79,74
Karaikal,Puducherry (PY),2016,57,62,63,31,33
Karaikal,Puducherry (PY),2017,66,64,25,44,37
Mokokchung,Mizoram (MZ),2015,30,74,38,28,78
Mokokchung,Mizoram (MZ),2016,83,55,57,29,64
Mokokchung,Mizoram (MZ),2017,96,47,80,56,44
Daman,Daman and Diu (DD),2015,42,42,57,33,88
Daman,Daman and Diu (DD),2016,99,98,49,85,80
Daman,Daman and Diu (DD),2017,90,97,27,78,76
Ukhrul,Manipur (MN),2015,67,53,74,95,81
Ukhrul,Manipur (MN),2016,34,58,91,32,29
Ukhrul,Manipur (MN),2017,99,34,44,95,93
Papum Pare,Arunachal Pradesh (AR),2015,41,82,78,32,92
Papum Pare,Arunachal Pradesh (AR),2016,26,89,28,54,41
Papum Pare,Arunachal Pradesh (AR),2017,41,36,55,85,29
Wokha,Mizoram (MZ),2015,37,71,79,48,28
Wokha,Mizoram (MZ),2016,74,32,77,50,50
Wokha,Mizoram (MZ),2017,53,92,29,100,86
Peren,Mizoram (MZ),2015,53,77,62,98,42
Peren,Mizoram (MZ),2016,29,71,90,52,32
Peren,Mizoram (MZ),2017,59,61,41,88,80
Phek,Mizoram (MZ),2015,89,53,72,95,48
Phek,Mizoram (MZ),2016,29,58,34,83,73
Phek,Mizoram (MZ),2017,28,72,79,54,70
Lunglei,Mizoram (MZ),2015,81,28,38,50,32
Lunglei,Mizoram (MZ),2016,81,58,83,96,65
Lunglei,Mizoram (MZ),2017,47,85,50,35,52
Changlang,Arunachal Pradesh (AR),2015,84,72,54,93,84
Changlang,Arunachal Pradesh (AR),2016,85,76,47,43,61
Changlang,Arunachal Pradesh (AR),2017,84,60,71,96,55
Leh,Jammu and Kashmir (JK),2015,45,93,53,84,36
Leh,Jammu and Kashmir (JK),2016,81,56,28,89,56
Leh,Jammu and Kashmir (JK),2017,87,89,38,31,32
South Sikkim,Sikkim (SK),2015,97,81,29,28,40
South Sikkim,Sikkim (SK),2016,89,41,26,50,37
South Sikkim,Sikkim (SK),2017,98,55,63,59,80
Lohit,Arunachal Pradesh (AR),2015,44,38,33,61,29
Lohit,Arunachal Pradesh (AR),2016,91,66,53,91,73
Lohit,Arunachal Pradesh (AR),2017,67,74,56,38,60
Chandel,Manipur (MN),2015,37,95,69,29,83
Chandel,Manipur (MN),2016,37,65,41,25,50
Chandel,Manipur (MN),2017,95,58,76,77,69
Kargil,Jammu and Kashmir (JK),2015,53,58,57,71,78
Kargil,Jammu and Kashmir (JK),2016,91,74,79,85,94
Kargil,Jammu and Kashmir (JK),2017,71,86,61,69,50
South Garo Hills,Meghalaya (ML),2015,78,45,98,80,98
South Garo Hills,Meghalaya (ML),2016,47,76,77,49,92
South Garo Hills,Meghalaya (ML),2017,65,43,84,67,29
Zunheboto,Mizoram (MZ),2015,52,76,88,34,59
Zunheboto,Mizoram (MZ),2016,76,58,65,86,25
Zunheboto,Mizoram (MZ),2017,56,63,58,91,50
Narayanpur,Chhattisgarh (CG),2015,81,99,66,60,33
Narayanpur,Chhattisgarh (CG),2016,60,55,43,50,87
Narayanpur,Chhattisgarh (CG),2017,45,65,43,53,51
Tamenglong,Manipur (MN),2015,49,83,58,92,61
Tamenglong,Manipur (MN),2016,44,65,44,41,41
Tamenglong,Manipur (MN),2017,28,49,43,76,27
West Sikkim,Sikkim (SK),2015,48,65,86,34,28
West Sikkim,Sikkim (SK),2016,55,46,27,64,78
West Sikkim,Sikkim (SK),2017,95,48,58,51,67
New Delhi,Delhi (DL),2015,47,74,68,100,38
New Delhi,Delhi (DL),2016,62,59,64,92,51
New Delhi,Delhi (DL),2017,61,56,79,62,37
Champhai,Mizoram (MZ),2015,70,91,57,93,81
Champhai,Mizoram (MZ),2016,41,98,99,34,100
Champhai,Mizoram (MZ),2017,86,58,29,83,75
East Jaintia Hills,Meghalaya (ML),2015,48,51,65,69,59
East Jaintia Hills,Meghalaya (ML),2016,63,70,65,98,41
East Jaintia Hills,Meghalaya (ML),2017,80,46,93,92,73
North Garo Hills,Meghalaya (ML),2015,57,30,68,47,46
North Garo Hills,Meghalaya (ML),2016,91,76,39,90,51
North Garo Hills,Meghalaya (ML),2017,40,78,73,75,93
Lawngtlai,Mizoram (MZ),2015,52,64,72,96,44
Lawngtlai,Mizoram (MZ),2016,89,86,58,26,49
Lawngtlai,Mizoram (MZ),2017,45,27,35,83,49
West Siang,Arunachal Pradesh (AR),2015,90,36,53,42,31
West Siang,Arunachal Pradesh (AR),2016,99,46,32,69,52
West Siang,Arunachal Pradesh (AR),2017,50,88,79,69,27
Tirap,Arunachal Pradesh (AR),2015,65,65,93,34,66
Tirap,Arunachal Pradesh (AR),2016,62,59,83,40,64
Tirap,Arunachal Pradesh (AR),2017,27,68,28,83,93
South West Khasi Hills,Meghalaya (ML),2015,32,74,86,39,47
South West Khasi Hills,Meghalaya (ML),2016,85,47,28,45,70
South West Khasi Hills,Meghalaya (ML),2017,68,90,65,37,49
North and Middle Andaman,Andaman and Nicobar (AN),2015,98,71,93,45,47
North and Middle Andaman,Andaman and Nicobar (AN),2016,63,33,29,40,82
North and Middle Andaman,Andaman and Nicobar (AN),2017,56,93,90,75,59
East Siang,Arunachal Pradesh (AR),2015,77,73,67,71,79
East Siang,Arunachal Pradesh (AR),2016,95,81,53,53,78
East Siang,Arunachal Pradesh (AR),2017,37,28,38,90,45
Kurung Kumey,Arunachal Pradesh (AR),2015,49,99,27,66,68
Kurung Kumey,Arunachal Pradesh (AR),2016,35,35,89,60,80
Kurung Kumey,Arunachal Pradesh (AR),2017,43,80,62,84,71
West Kameng,Arunachal Pradesh (AR),2015,63,64,70,79,80
West Kameng,Arunachal Pradesh (AR),2016,38,49,41,78,69
West Kameng,Arunachal Pradesh (AR),2017,75,89,58,38,95
Mamit,Mizoram (MZ),2015,38,56,39,56,43
Mamit,Mizoram (MZ),2016,76,49,81,94,91
Mamit,Mizoram (MZ),2017,93,90,58,41,91
Kinnaur,Himachal Pradesh (HP),2015,93,38,100,33,84
Kinnaur,Himachal Pradesh (HP),2016,85,67,44,48,52
Kinnaur,Himachal Pradesh (HP),2017,73,82,96,33,88
Upper Subansiri,Arunachal Pradesh (AR),2015,49,55,86,46,26
Upper Subansiri,Arunachal Pradesh (AR),2016,87,100,44,33,53
Upper Subansiri,Arunachal Pradesh (AR),2017,38,85,68,54,35
Kolasib,Mizoram (MZ),2015,60,66,25,32,71
Kolasib,Mizoram (MZ),2016,82,30,58,93,89
Kolasib,Mizoram (MZ),2017,53,93,33,58,100
Lower Subansiri,Arunachal Pradesh (AR),2015,94,66,33,77,66
Lower Subansiri,Arunachal Pradesh (AR),2016,91,49,73,60,81
Lower Subansiri,Arunachal Pradesh (AR),2017,50,71,72,100,75
East Kameng,Arunachal Pradesh (AR),2015,59,86,49,52,40
East Kameng,Arunachal Pradesh (AR),2016,51,52,85,70,77
East Kameng,Arunachal Pradesh (AR),2017,31,49,75,87,100
Kiphire,Mizoram (MZ),2015,56,65,40,66,61
Kiphire,Mizoram (MZ),2016,67,38,71,100,88
Kiphire,Mizoram (MZ),2017,95,34,30,68,77
Serchhip,Mizoram (MZ),2015,89,60,62,57,78
Serchhip,Mizoram (MZ),2016,42,47,58,25,44
Serchhip,Mizoram (MZ),2017,50,53,27,57,95
Lakshadweep,Lakshadweep (LD),2015,80,62,71,26,39
Lakshadweep,Lakshadweep (LD),2016,54,32,93,57,80
Lakshadweep,Lakshadweep (LD),2017,99,85,26,38,51
Saiha,Mizoram (MZ),2015,79,72,94,40,50
Saiha,Mizoram (MZ),2016,25,70,83,98,79
Saiha,Mizoram (MZ),2017,97,45,38,87,48
Yanam,Puducherry (PY),2015,91,58,53,66,72
Yanam,Puducherry (PY),2016,98,85,35,55,51
Yanam,Puducherry (PY),2017,71,50,58,30,32
Lower Dibang Valley,Arunachal Pradesh (AR),2015,56,86,64,29,84
Lower Dibang Valley,Arunachal Pradesh (AR),2016,54,68,45,37,50
Lower Dibang Valley,Arunachal Pradesh (AR),2017,89,40,39,75,52
Diu,Daman and Diu (DD),2015,61,96,35,25,51
Diu,Daman and Diu (DD),2016,98,38,57,99,36
Diu,Daman and Diu (DD),2017,76,97,47,38,51
Longleng,Mizoram (MZ),2015,28,58,28,95,31
Longleng,Mizoram (MZ),2016,74,77,64,79,80
Longleng,Mizoram (MZ),2017,82,75,82,98,59
Tawang,Arunachal Pradesh (AR),2015,48,68,68,26,36
Tawang,Arunachal Pradesh (AR),2016,69,69,87,60,65
Tawang,Arunachal Pradesh (AR),2017,70,72,70,26,62
North Sikkim,Sikkim (SK),2015,93,54,60,39,99
North Sikkim,Sikkim (SK),2016,28,30,80,34,87
North Sikkim,Sikkim (SK),2017,96,73,77,79,56
Mahe,Puducherry (PY),2015,75,67,48,40,69
Mahe,Puducherry (PY),2016,41,56,61,62,81
Mahe,Puducherry (PY),2017,41,77,83,85,69
Nicobar,Andaman and Nicobar (AN),2015,35,39,36,44,69
Nicobar,Andaman and Nicobar (AN),2016,28,67,80,92,56
Nicobar,Andaman and Nicobar (AN),2017,72,68,86,30,50
Upper Siang,Arunachal Pradesh (AR),2015,67,90,93,61,90
Upper Siang,Arunachal Pradesh (AR),2016,33,77,100,58,61
Upper Siang,Arunachal Pradesh (AR),2017,41,63,31,82,96
Lahaul and Spiti,Himachal Pradesh (HP),2015,96,42,98,56,55
Lahaul and Spiti,Himachal Pradesh (HP),2016,75,45,97,90,51
Lahaul and Spiti,Himachal Pradesh (HP),2017,67,73,53,43,79
Anjaw,Arunachal Pradesh (AR),2015,30,38,96,50,29
Anjaw,Arunachal Pradesh (AR),2016,47,65,74,48,63
Anjaw,Arunachal Pradesh (AR),2017,59,73,55,48,67
Dibang Valley,Arunachal Pradesh (AR),2015,75,81,84,33,100
Dibang Valley,Arunachal Pradesh (AR),2016,47,65,62,78,77
Dibang Valley,Arunachal Pradesh (AR),2017,75,32,85,80,49
Fazilka,Punjab (PB),2015,77,56,53,28,60
Fazilka,Punjab (PB),2016,90,53,44,38,54
Fazilka,Punjab (PB),2017,39,53,86,29,73
Shamli,Uttar Pradesh (UP),2015,95,30,60,64,96
Shamli,Uttar Pradesh (UP),2016,74,39,45,83,34
Shamli,Uttar Pradesh (UP),2017,41,36,48,47,82
Balrampur,Chhattisgarh (CG),2015,46,61,51,75,69
Balrampur,Chhattisgarh (CG),2016,35,63,85,86,87
Balrampur,Chhattisgarh (CG),2017,90,39,26,89,41
Bemetara,Chhattisgarh (CG),2015,30,48,62,58,28
Bemetara,Chhattisgarh (CG),2016,84,94,69,79,66
Bemetara,Chhattisgarh (CG),2017,49,49,73,99,63
Palghar,Maharashtra (MH),2015,91,72,74,69,27
Palghar,Maharashtra (MH),2016,45,50,67,84,53
Palghar,Maharashtra (MH),2017,34,88,79,79,48
Longding,Arunachal Pradesh (AR),2015,72,28,89,68,50
Longding,Arunachal Pradesh (AR),2016,34,30,25,84,60
Longding,Arunachal Pradesh (AR),2017,84,60,32,75,36
Balod,Chhattisgarh (CG),2015,50,92,40,27,46
Balod,Chhattisgarh (CG),2016,36,94,92,62,85
Balod,Chhattisgarh (CG),2017,45,60,29,50,89
Baloda Bazar,Chhattisgarh (CG),2015,96,79,99,89,69
Baloda Bazar,Chhattisgarh (CG),2016,75,41,67,48,33
Baloda Bazar,Chhattisgarh (CG),2017,63,97,61,95,76
Gariaband,Chhattisgarh (CG),2015,57,72,92,25,76
Gariaband,Chhattisgarh (CG),2016,83,87,80,74,34
Gariaband,Chhattisgarh (CG),2017,64,81,52,87,27
Kondagaon,Chhattisgarh (CG),2015,55,57,36,86,55
Kondagaon,Chhattisgarh (CG),2016,86,32,61,58,41
Kondagaon,Chhattisgarh (CG),2017,59,73,32,55,88
Mungeli,Chhattisgarh (CG),2015,55,25,74,79,30
Mungeli,Chhattisgarh (CG),2016,26,31,43,71,37
Mungeli,Chhattisgarh (CG),2017,71,77,46,25,47
Shahdara,Delhi (DL),2015,59,71,42,59,64
Shahdara,Delhi (DL),2016,74,49,43,57,41
Shahdara,Delhi (DL),2017,100,64,60,96,45
South East Delhi,Delhi (DL),2015,53,57,46,36,48
South East Delhi,Delhi (DL),2016,79,97,88,33,26
South East Delhi,Delhi (DL),2017,94,91,97,43,49
Agar,Madhya Pradesh (MP),2015,88,91,69,47,97
Agar,Madhya Pradesh (MP),2016,98,76,71,43,28
Agar,Madhya Pradesh (MP),2017,92,85,31,98,66
South West Garo Hills,Meghalaya (ML),2015,59,84,64,30,54
South West Garo Hills,Meghalaya (ML),2016,75,40,32,93,82
South West Garo Hills,Meghalaya (ML),2017,64,98,66,46,61
Amethi (Chhatrapati Shahuji Maharaj Nagar),Uttar Pradesh (UP),2015,97,96,46,35,89
Amethi (Chhatrapati Shahuji Maharaj Nagar),Uttar Pradesh (UP),2016,48,81,60,40,57
Amethi (Chhatrapati Shahuji Maharaj Nagar),Uttar Pradesh (UP),2017,34,43,32,35,56
